Campaign,Ad Group,Keyword,Criterion Type
Website Build Services,Static Website Builds For Service Businesses,seo,Negative Phrase
Website Build Services,Static Website Builds For Service Businesses,keyword research,Negative Phrase
Website Build Services,Static Website Builds For Service Businesses,backlink,Negative Phrase
Website Build Services,Static Website Builds For Service Businesses,google ads,Negative Phrase
Website Build Services,Static Website Builds For Service Businesses,ppc,Negative Phrase
Website Build Services,Static Website Builds For Service Businesses,adwords,Negative Phrase
Website Build Services,Static Website Builds For Service Businesses,campaign management,Negative Phrase
Website Build Services,Static Website Builds For Service Businesses,ad manager,Negative Phrase
Website Build Services,Static Website Builds For Service Businesses,admin,Negative Phrase
Website Build Services,Static Website Builds For Service Businesses,ads,Negative Phrase
Website Build Services,Static Website Builds For Service Businesses,advertising,Negative Phrase
Website Build Services,Static Website Builds For Service Businesses,adword,Negative Phrase
Website Build Services,Static Website Builds For Service Businesses,analysis,Negative Phrase
Website Build Services,Static Website Builds For Service Businesses,audience,Negative Phrase
Website Build Services,Static Website Builds For Service Businesses,bright,Negative Phrase
Website Build Services,Static Website Builds For Service Businesses,budget,Negative Phrase
Website Build Services,Static Website Builds For Service Businesses,canterbury,Negative Phrase
Website Build Services,Static Website Builds For Service Businesses,click,Negative Phrase
Website Build Services,Static Website Builds For Service Businesses,coast,Negative Phrase
Website Build Services,Static Website Builds For Service Businesses,competition,Negative Phrase
Website Build Services,Static Website Builds For Service Businesses,content,Negative Phrase
Website Build Services,Static Website Builds For Service Businesses,control,Negative Phrase
Website Build Services,Static Website Builds For Service Businesses,dental,Negative Phrase
Website Build Services,Static Website Builds For Service Businesses,developer,Negative Phrase
Website Build Services,Static Website Builds For Service Businesses,developers,Negative Phrase
Website Build Services,Static Website Builds For Service Businesses,directories,Negative Phrase
Website Build Services,Static Website Builds For Service Businesses,does,Negative Phrase
Website Build Services,Static Website Builds For Service Businesses,engine,Negative Phrase
Website Build Services,Static Website Builds For Service Businesses,enterprise,Negative Phrase
Website Build Services,Static Website Builds For Service Businesses,fee,Negative Phrase
Website Build Services,Static Website Builds For Service Businesses,free,Negative Phrase
Website Build Services,Static Website Builds For Service Businesses,friendly,Negative Phrase
Website Build Services,Static Website Builds For Service Businesses,global,Negative Phrase
Website Build Services,Static Website Builds For Service Businesses,gold,Negative Phrase
Website Build Services,Static Website Builds For Service Businesses,how,Negative Phrase
Website Build Services,Static Website Builds For Service Businesses,hvac,Negative Phrase
Website Build Services,Static Website Builds For Service Businesses,keyword,Negative Phrase
Website Build Services,Static Website Builds For Service Businesses,keywords,Negative Phrase
Website Build Services,Static Website Builds For Service Businesses,lawyers,Negative Phrase
Website Build Services,Static Website Builds For Service Businesses,listing,Negative Phrase
Website Build Services,Static Website Builds For Service Businesses,localized,Negative Phrase
Website Build Services,Static Website Builds For Service Businesses,locations,Negative Phrase
Website Build Services,Static Website Builds For Service Businesses,management,Negative Phrase
Website Build Services,Static Website Builds For Service Businesses,manager,Negative Phrase
Website Build Services,Static Website Builds For Service Businesses,marketing,Negative Phrase
Website Build Services,Static Website Builds For Service Businesses,monthly,Negative Phrase
Website Build Services,Static Website Builds For Service Businesses,much,Negative Phrase
Website Build Services,Static Website Builds For Service Businesses,multiple,Negative Phrase
Website Build Services,Static Website Builds For Service Businesses,optimisation,Negative Phrase
Website Build Services,Static Website Builds For Service Businesses,optimization,Negative Phrase
Website Build Services,Static Website Builds For Service Businesses,pay,Negative Phrase
Website Build Services,Static Website Builds For Service Businesses,per,Negative Phrase
Website Build Services,Static Website Builds For Service Businesses,pest,Negative Phrase
Website Build Services,Static Website Builds For Service Businesses,rank,Negative Phrase
Website Build Services,Static Website Builds For Service Businesses,ranking,Negative Phrase
Website Build Services,Static Website Builds For Service Businesses,search,Negative Phrase
Website Build Services,Static Website Builds For Service Businesses,serp,Negative Phrase
Website Build Services,Static Website Builds For Service Businesses,setup,Negative Phrase
Website Build Services,Static Website Builds For Service Businesses,shopping,Negative Phrase
Website Build Services,Static Website Builds For Service Businesses,term,Negative Phrase
Website Build Services,Static Website Builds For Service Businesses,tool,Negative Phrase
Website Build Services,Static Website Builds For Service Businesses,tracker,Negative Phrase
Website Build Services,SEO Website Build Service,google ads,Negative Phrase
Website Build Services,SEO Website Build Service,ppc,Negative Phrase
Website Build Services,SEO Website Build Service,adwords,Negative Phrase
Website Build Services,SEO Website Build Service,campaign management,Negative Phrase
Website Build Services,SEO Website Build Service,static website,Negative Phrase
Website Build Services,SEO Website Build Service,no wordpress,Negative Phrase
Website Build Services,SEO Website Build Service,hosting,Negative Phrase
Website Build Services,SEO Website Build Service,admin,Negative Phrase
Website Build Services,SEO Website Build Service,ads,Negative Phrase
Website Build Services,SEO Website Build Service,advertising,Negative Phrase
Website Build Services,SEO Website Build Service,adword,Negative Phrase
Website Build Services,SEO Website Build Service,audience,Negative Phrase
Website Build Services,SEO Website Build Service,boca,Negative Phrase
Website Build Services,SEO Website Build Service,budget,Negative Phrase
Website Build Services,SEO Website Build Service,click,Negative Phrase
Website Build Services,SEO Website Build Service,coast,Negative Phrase
Website Build Services,SEO Website Build Service,coffee,Negative Phrase
Website Build Services,SEO Website Build Service,contractor,Negative Phrase
Website Build Services,SEO Website Build Service,contractors,Negative Phrase
Website Build Services,SEO Website Build Service,control,Negative Phrase
Website Build Services,SEO Website Build Service,corporate,Negative Phrase
Website Build Services,SEO Website Build Service,creator,Negative Phrase
Website Build Services,SEO Website Build Service,custom,Negative Phrase
Website Build Services,SEO Website Build Service,dental,Negative Phrase
Website Build Services,SEO Website Build Service,development,Negative Phrase
Website Build Services,SEO Website Build Service,electrical,Negative Phrase
Website Build Services,SEO Website Build Service,electricians,Negative Phrase
Website Build Services,SEO Website Build Service,enterprise,Negative Phrase
Website Build Services,SEO Website Build Service,estate,Negative Phrase
Website Build Services,SEO Website Build Service,fast,Negative Phrase
Website Build Services,SEO Website Build Service,fee,Negative Phrase
Website Build Services,SEO Website Build Service,free,Negative Phrase
Website Build Services,SEO Website Build Service,global,Negative Phrase
Website Build Services,SEO Website Build Service,gold,Negative Phrase
Website Build Services,SEO Website Build Service,hvac,Negative Phrase
Website Build Services,SEO Website Build Service,lawyers,Negative Phrase
Website Build Services,SEO Website Build Service,loading,Negative Phrase
Website Build Services,SEO Website Build Service,maker,Negative Phrase
Website Build Services,SEO Website Build Service,making,Negative Phrase
Website Build Services,SEO Website Build Service,management,Negative Phrase
Website Build Services,SEO Website Build Service,manager,Negative Phrase
Website Build Services,SEO Website Build Service,marketing,Negative Phrase
Website Build Services,SEO Website Build Service,monthly,Negative Phrase
Website Build Services,SEO Website Build Service,online,Negative Phrase
Website Build Services,SEO Website Build Service,page,Negative Phrase
Website Build Services,SEO Website Build Service,pay,Negative Phrase
Website Build Services,SEO Website Build Service,per,Negative Phrase
Website Build Services,SEO Website Build Service,pest,Negative Phrase
Website Build Services,SEO Website Build Service,plugins,Negative Phrase
Website Build Services,SEO Website Build Service,plumbers,Negative Phrase
Website Build Services,SEO Website Build Service,rated,Negative Phrase
Website Build Services,SEO Website Build Service,real,Negative Phrase
Website Build Services,SEO Website Build Service,secure,Negative Phrase
Website Build Services,SEO Website Build Service,setup,Negative Phrase
Website Build Services,SEO Website Build Service,shop,Negative Phrase
Website Build Services,SEO Website Build Service,shopping,Negative Phrase
Website Build Services,SEO Website Build Service,static,Negative Phrase
Website Build Services,SEO Website Build Service,wordpress,Negative Phrase
Website Build Services,Google Ads Campaign Management,website design,Negative Phrase
Website Build Services,Google Ads Campaign Management,web development,Negative Phrase
Website Build Services,Google Ads Campaign Management,seo,Negative Phrase
Website Build Services,Google Ads Campaign Management,keyword research,Negative Phrase
Website Build Services,Google Ads Campaign Management,static website,Negative Phrase
Website Build Services,Google Ads Campaign Management,backlink,Negative Phrase
Website Build Services,Google Ads Campaign Management,analysis,Negative Phrase
Website Build Services,Google Ads Campaign Management,boca,Negative Phrase
Website Build Services,Google Ads Campaign Management,bright,Negative Phrase
Website Build Services,Google Ads Campaign Management,canterbury,Negative Phrase
Website Build Services,Google Ads Campaign Management,coffee,Negative Phrase
Website Build Services,Google Ads Campaign Management,competition,Negative Phrase
Website Build Services,Google Ads Campaign Management,content,Negative Phrase
Website Build Services,Google Ads Campaign Management,contractor,Negative Phrase
Website Build Services,Google Ads Campaign Management,contractors,Negative Phrase
Website Build Services,Google Ads Campaign Management,corporate,Negative Phrase
Website Build Services,Google Ads Campaign Management,creator,Negative Phrase
Website Build Services,Google Ads Campaign Management,custom,Negative Phrase
Website Build Services,Google Ads Campaign Management,developer,Negative Phrase
Website Build Services,Google Ads Campaign Management,developers,Negative Phrase
Website Build Services,Google Ads Campaign Management,development,Negative Phrase
Website Build Services,Google Ads Campaign Management,directories,Negative Phrase
Website Build Services,Google Ads Campaign Management,does,Negative Phrase
Website Build Services,Google Ads Campaign Management,electrical,Negative Phrase
Website Build Services,Google Ads Campaign Management,electricians,Negative Phrase
Website Build Services,Google Ads Campaign Management,engine,Negative Phrase
Website Build Services,Google Ads Campaign Management,estate,Negative Phrase
Website Build Services,Google Ads Campaign Management,fast,Negative Phrase
Website Build Services,Google Ads Campaign Management,friendly,Negative Phrase
Website Build Services,Google Ads Campaign Management,how,Negative Phrase
Website Build Services,Google Ads Campaign Management,keyword,Negative Phrase
Website Build Services,Google Ads Campaign Management,keywords,Negative Phrase
Website Build Services,Google Ads Campaign Management,listing,Negative Phrase
Website Build Services,Google Ads Campaign Management,loading,Negative Phrase
Website Build Services,Google Ads Campaign Management,localized,Negative Phrase
Website Build Services,Google Ads Campaign Management,locations,Negative Phrase
Website Build Services,Google Ads Campaign Management,maker,Negative Phrase
Website Build Services,Google Ads Campaign Management,making,Negative Phrase
Website Build Services,Google Ads Campaign Management,much,Negative Phrase
Website Build Services,Google Ads Campaign Management,multiple,Negative Phrase
Website Build Services,Google Ads Campaign Management,online,Negative Phrase
Website Build Services,Google Ads Campaign Management,optimisation,Negative Phrase
Website Build Services,Google Ads Campaign Management,optimization,Negative Phrase
Website Build Services,Google Ads Campaign Management,page,Negative Phrase
Website Build Services,Google Ads Campaign Management,plugins,Negative Phrase
Website Build Services,Google Ads Campaign Management,plumbers,Negative Phrase
Website Build Services,Google Ads Campaign Management,rank,Negative Phrase
Website Build Services,Google Ads Campaign Management,ranking,Negative Phrase
Website Build Services,Google Ads Campaign Management,rated,Negative Phrase
Website Build Services,Google Ads Campaign Management,real,Negative Phrase
Website Build Services,Google Ads Campaign Management,search,Negative Phrase
Website Build Services,Google Ads Campaign Management,secure,Negative Phrase
Website Build Services,Google Ads Campaign Management,serp,Negative Phrase
Website Build Services,Google Ads Campaign Management,shop,Negative Phrase
Website Build Services,Google Ads Campaign Management,static,Negative Phrase
Website Build Services,Google Ads Campaign Management,term,Negative Phrase
Website Build Services,Google Ads Campaign Management,tool,Negative Phrase
Website Build Services,Google Ads Campaign Management,tracker,Negative Phrase
Website Build Services,Google Ads Campaign Management,wordpress,Negative Phrase
