Campaign,Campaign Type,Networks,Budget,Budget type,Bid Strategy Type,Enhanced CPC,Final URL suffix,Campaign Status,Ad Group,Ad Group Type,Ad Group Status,Max CPC,Keyword,Criterion Type,ID,Location,Bid Modifier,Audience,Flexible Reach,Type,Ad type,Headline 1,Headline 1 position,Headline 2,Headline 2 position,Headline 3,Headline 3 position,Headline 4,Headline 4 position,Headline 5,Headline 5 position,Headline 6,Headline 6 position,Headline 7,Headline 7 position,Headline 8,Headline 8 position,Headline 9,Headline 9 position,Headline 10,Headline 10 position,Headline 11,Headline 11 position,Headline 12,Headline 12 position,Headline 13,Headline 13 position,Headline 14,Headline 14 position,Headline 15,Headline 15 position,Description 1,Description 2,Description 3,Description 4,Path 1,Path 2,Final URL,Status,Comment
Website Build Services,Search,Google search,49170,Daily,Manual CPC,Disabled,kw={keyword},Paused,,,,,,,,,,,,,,,,,,,,,,,,,,,,,,,,,,,,,,,,,,,,,,,,,,,,
Website Build Services,,,,,,,,,Static Website Builds For Service Businesses,Standard,Enabled,2041,,,,,,,,,,,,,,,,,,,,,,,,,,,,,,,,,,,,,,,,,,,,,,,,
Website Build Services,,,,,,,,,Static Website Builds For Service Businesses,,,3560,business website design near me,Phrase,,,,,,,,,,,,,,,,,,,,,,,,,,,,,,,,,,,,,,,,,,,,,,
Website Build Services,,,,,,,,,Static Website Builds For Service Businesses,,,943,best web design agencies near me,Phrase,,,,,,,,,,,,,,,,,,,,,,,,,,,,,,,,,,,,,,,,,,,,,,
Website Build Services,,,,,,,,,Static Website Builds For Service Businesses,,,943,best web design agency near me,Phrase,,,,,,,,,,,,,,,,,,,,,,,,,,,,,,,,,,,,,,,,,,,,,,
Website Build Services,,,,,,,,,Static Website Builds For Service Businesses,,,4056,affordable website designers,Phrase,,,,,,,,,,,,,,,,,,,,,,,,,,,,,,,,,,,,,,,,,,,,,,
Website Build Services,,,,,,,,,Static Website Builds For Service Businesses,,,287,near web development company,Phrase,,,,,,,,,,,,,,,,,,,,,,,,,,,,,,,,,,,,,,,,,,,,,,
Website Build Services,,,,,,,,,Static Website Builds For Service Businesses,,,1883,small business web design near me,Phrase,,,,,,,,,,,,,,,,,,,,,,,,,,,,,,,,,,,,,,,,,,,,,,
Website Build Services,,,,,,,,,Static Website Builds For Service Businesses,,,243,best website development company near me,Phrase,,,,,,,,,,,,,,,,,,,,,,,,,,,,,,,,,,,,,,,,,,,,,,
Website Build Services,,,,,,,,,Static Website Builds For Service Businesses,,,3278,real estate website development company,Phrase,,,,,,,,,,,,,,,,,,,,,,,,,,,,,,,,,,,,,,,,,,,,,,
Website Build Services,,,,,,,,,Static Website Builds For Service Businesses,,,3278,real estate web development company,Phrase,,,,,,,,,,,,,,,,,,,,,,,,,,,,,,,,,,,,,,,,,,,,,,
Website Build Services,,,,,,,,,Static Website Builds For Service Businesses,,,3590,boca web agency,Phrase,,,,,,,,,,,,,,,,,,,,,,,,,,,,,,,,,,,,,,,,,,,,,,
Website Build Services,,,,,,,,,Static Website Builds For Service Businesses,,,3278,affordable web design agency,Phrase,,,,,,,,,,,,,,,,,,,,,,,,,,,,,,,,,,,,,,,,,,,,,,
Website Build Services,,,,,,,,,Static Website Builds For Service Businesses,,,2982,service business website design,Phrase,,,,,,,,,,,,,,,,,,,,,,,,,,,,,,,,,,,,,,,,,,,,,,
Website Build Services,,,,,,,,,Static Website Builds For Service Businesses,,,2982,business web design services,Phrase,,,,,,,,,,,,,,,,,,,,,,,,,,,,,,,,,,,,,,,,,,,,,,
Website Build Services,,,,,,,,,Static Website Builds For Service Businesses,,,2982,business website design services,Phrase,,,,,,,,,,,,,,,,,,,,,,,,,,,,,,,,,,,,,,,,,,,,,,
Website Build Services,,,,,,,,,Static Website Builds For Service Businesses,,,423,coffee shop web design,Phrase,,,,,,,,,,,,,,,,,,,,,,,,,,,,,,,,,,,,,,,,,,,,,,
Website Build Services,,,,,,,,,Static Website Builds For Service Businesses,,,3278,business website development company,Phrase,,,,,,,,,,,,,,,,,,,,,,,,,,,,,,,,,,,,,,,,,,,,,,
Website Build Services,,,,,,,,,Static Website Builds For Service Businesses,,,1285,website design and development company near me,Phrase,,,,,,,,,,,,,,,,,,,,,,,,,,,,,,,,,,,,,,,,,,,,,,
Website Build Services,,,,,,,,,Static Website Builds For Service Businesses,,,2041,professional web design agency,Phrase,,,,,,,,,,,,,,,,,,,,,,,,,,,,,,,,,,,,,,,,,,,,,,
Website Build Services,,,,,,,,,Static Website Builds For Service Businesses,,,2041,professional website design agency,Phrase,,,,,,,,,,,,,,,,,,,,,,,,,,,,,,,,,,,,,,,,,,,,,,
Website Build Services,,,,,,,,,Static Website Builds For Service Businesses,,,681,electrical services website,Phrase,,,,,,,,,,,,,,,,,,,,,,,,,,,,,,,,,,,,,,,,,,,,,,
Website Build Services,,,,,,,,,Static Website Builds For Service Businesses,,,3278,site development companies,Phrase,,,,,,,,,,,,,,,,,,,,,,,,,,,,,,,,,,,,,,,,,,,,,,
Website Build Services,,,,,,,,,Static Website Builds For Service Businesses,,,319,static website design,Phrase,,,,,,,,,,,,,,,,,,,,,,,,,,,,,,,,,,,,,,,,,,,,,,
Website Build Services,,,,,,,,,Static Website Builds For Service Businesses,,,319,static web page design,Phrase,,,,,,,,,,,,,,,,,,,,,,,,,,,,,,,,,,,,,,,,,,,,,,
Website Build Services,,,,,,,,,Static Website Builds For Service Businesses,,,319,static page design,Phrase,,,,,,,,,,,,,,,,,,,,,,,,,,,,,,,,,,,,,,,,,,,,,,
Website Build Services,,,,,,,,,Static Website Builds For Service Businesses,,,328,online website development company,Phrase,,,,,,,,,,,,,,,,,,,,,,,,,,,,,,,,,,,,,,,,,,,,,,
Website Build Services,,,,,,,,,Static Website Builds For Service Businesses,,,5381,website builder for small business,Phrase,,,,,,,,,,,,,,,,,,,,,,,,,,,,,,,,,,,,,,,,,,,,,,
Website Build Services,,,,,,,,,Static Website Builds For Service Businesses,,,5381,website creator for small business,Phrase,,,,,,,,,,,,,,,,,,,,,,,,,,,,,,,,,,,,,,,,,,,,,,
Website Build Services,,,,,,,,,Static Website Builds For Service Businesses,,,5381,website maker for small business,Phrase,,,,,,,,,,,,,,,,,,,,,,,,,,,,,,,,,,,,,,,,,,,,,,
Website Build Services,,,,,,,,,Static Website Builds For Service Businesses,,,5381,small business web builder,Phrase,,,,,,,,,,,,,,,,,,,,,,,,,,,,,,,,,,,,,,,,,,,,,,
Website Build Services,,,,,,,,,Static Website Builds For Service Businesses,,,6498,small business website designer near me,Phrase,,,,,,,,,,,,,,,,,,,,,,,,,,,,,,,,,,,,,,,,,,,,,,
Website Build Services,,,,,,,,,Static Website Builds For Service Businesses,,,382,best it company website design,Phrase,,,,,,,,,,,,,,,,,,,,,,,,,,,,,,,,,,,,,,,,,,,,,,
Website Build Services,,,,,,,,,Static Website Builds For Service Businesses,,,3997,contractor website services,Phrase,,,,,,,,,,,,,,,,,,,,,,,,,,,,,,,,,,,,,,,,,,,,,,
Website Build Services,,,,,,,,,Static Website Builds For Service Businesses,,,1714,top web design agencies,Phrase,,,,,,,,,,,,,,,,,,,,,,,,,,,,,,,,,,,,,,,,,,,,,,
Website Build Services,,,,,,,,,Static Website Builds For Service Businesses,,,1714,top website design agencies,Phrase,,,,,,,,,,,,,,,,,,,,,,,,,,,,,,,,,,,,,,,,,,,,,,
Website Build Services,,,,,,,,,Static Website Builds For Service Businesses,,,1714,top rated web design agency,Phrase,,,,,,,,,,,,,,,,,,,,,,,,,,,,,,,,,,,,,,,,,,,,,,
Website Build Services,,,,,,,,,Static Website Builds For Service Businesses,,,4799,small business website design near me,Phrase,,,,,,,,,,,,,,,,,,,,,,,,,,,,,,,,,,,,,,,,,,,,,,
Website Build Services,,,,,,,,,Static Website Builds For Service Businesses,,,341,phoenix web design agency,Phrase,,,,,,,,,,,,,,,,,,,,,,,,,,,,,,,,,,,,,,,,,,,,,,
Website Build Services,,,,,,,,,Static Website Builds For Service Businesses,,,956,website making company near me,Phrase,,,,,,,,,,,,,,,,,,,,,,,,,,,,,,,,,,,,,,,,,,,,,,
Website Build Services,,,,,,,,,Static Website Builds For Service Businesses,,,1361,business website development services,Phrase,,,,,,,,,,,,,,,,,,,,,,,,,,,,,,,,,,,,,,,,,,,,,,
Website Build Services,,,,,,,,,Static Website Builds For Service Businesses,,,712,best corporate web design,Phrase,,,,,,,,,,,,,,,,,,,,,,,,,,,,,,,,,,,,,,,,,,,,,,
Website Build Services,,,,,,,,,Static Website Builds For Service Businesses,,,2041,static website builder for contractors,Phrase,,,,,,,,,,,,,,,,,,,,,,,,,,,,,,,,,,,,,,,,,,,,,,
Website Build Services,,,,,,,,,Static Website Builds For Service Businesses,,,2041,hire website designer for small business,Phrase,,,,,,,,,,,,,,,,,,,,,,,,,,,,,,,,,,,,,,,,,,,,,,
Website Build Services,,,,,,,,,Static Website Builds For Service Businesses,,,2041,website design quote for service business,Phrase,,,,,,,,,,,,,,,,,,,,,,,,,,,,,,,,,,,,,,,,,,,,,,
Website Build Services,,,,,,,,,Static Website Builds For Service Businesses,,,2041,cost to build a business website,Phrase,,,,,,,,,,,,,,,,,,,,,,,,,,,,,,,,,,,,,,,,,,,,,,
Website Build Services,,,,,,,,,Static Website Builds For Service Businesses,,,2041,custom website for plumbers,Phrase,,,,,,,,,,,,,,,,,,,,,,,,,,,,,,,,,,,,,,,,,,,,,,
Website Build Services,,,,,,,,,Static Website Builds For Service Businesses,,,2041,website design company for electricians,Phrase,,,,,,,,,,,,,,,,,,,,,,,,,,,,,,,,,,,,,,,,,,,,,,
Website Build Services,,,,,,,,,Static Website Builds For Service Businesses,,,2041,fast loading website for small business,Phrase,,,,,,,,,,,,,,,,,,,,,,,,,,,,,,,,,,,,,,,,,,,,,,
Website Build Services,,,,,,,,,Static Website Builds For Service Businesses,,,2041,secure website no wordpress plugins,Phrase,,,,,,,,,,,,,,,,,,,,,,,,,,,,,,,,,,,,,,,,,,,,,,
Website Build Services,,,,,,,,,Static Website Builds For Service Businesses,,,2041,small business website design cost,Phrase,,,,,,,,,,,,,,,,,,,,,,,,,,,,,,,,,,,,,,,,,,,,,,
Website Build Services,,,,,,,,,Static Website Builds For Service Businesses,,,,seo,Negative Phrase,,,,,,,,,,,,,,,,,,,,,,,,,,,,,,,,,,,,,,,,,,,,,,
Website Build Services,,,,,,,,,Static Website Builds For Service Businesses,,,,keyword research,Negative Phrase,,,,,,,,,,,,,,,,,,,,,,,,,,,,,,,,,,,,,,,,,,,,,,
Website Build Services,,,,,,,,,Static Website Builds For Service Businesses,,,,backlink,Negative Phrase,,,,,,,,,,,,,,,,,,,,,,,,,,,,,,,,,,,,,,,,,,,,,,
Website Build Services,,,,,,,,,Static Website Builds For Service Businesses,,,,google ads,Negative Phrase,,,,,,,,,,,,,,,,,,,,,,,,,,,,,,,,,,,,,,,,,,,,,,
Website Build Services,,,,,,,,,Static Website Builds For Service Businesses,,,,ppc,Negative Phrase,,,,,,,,,,,,,,,,,,,,,,,,,,,,,,,,,,,,,,,,,,,,,,
Website Build Services,,,,,,,,,Static Website Builds For Service Businesses,,,,adwords,Negative Phrase,,,,,,,,,,,,,,,,,,,,,,,,,,,,,,,,,,,,,,,,,,,,,,
Website Build Services,,,,,,,,,Static Website Builds For Service Businesses,,,,campaign management,Negative Phrase,,,,,,,,,,,,,,,,,,,,,,,,,,,,,,,,,,,,,,,,,,,,,,
Website Build Services,,,,,,,,,Static Website Builds For Service Businesses,,,,ad manager,Negative Phrase,,,,,,,,,,,,,,,,,,,,,,,,,,,,,,,,,,,,,,,,,,,,,,
Website Build Services,,,,,,,,,Static Website Builds For Service Businesses,,,,admin,Negative Phrase,,,,,,,,,,,,,,,,,,,,,,,,,,,,,,,,,,,,,,,,,,,,,,
Website Build Services,,,,,,,,,Static Website Builds For Service Businesses,,,,ads,Negative Phrase,,,,,,,,,,,,,,,,,,,,,,,,,,,,,,,,,,,,,,,,,,,,,,
Website Build Services,,,,,,,,,Static Website Builds For Service Businesses,,,,advertising,Negative Phrase,,,,,,,,,,,,,,,,,,,,,,,,,,,,,,,,,,,,,,,,,,,,,,
Website Build Services,,,,,,,,,Static Website Builds For Service Businesses,,,,adword,Negative Phrase,,,,,,,,,,,,,,,,,,,,,,,,,,,,,,,,,,,,,,,,,,,,,,
Website Build Services,,,,,,,,,Static Website Builds For Service Businesses,,,,analysis,Negative Phrase,,,,,,,,,,,,,,,,,,,,,,,,,,,,,,,,,,,,,,,,,,,,,,
Website Build Services,,,,,,,,,Static Website Builds For Service Businesses,,,,audience,Negative Phrase,,,,,,,,,,,,,,,,,,,,,,,,,,,,,,,,,,,,,,,,,,,,,,
Website Build Services,,,,,,,,,Static Website Builds For Service Businesses,,,,bright,Negative Phrase,,,,,,,,,,,,,,,,,,,,,,,,,,,,,,,,,,,,,,,,,,,,,,
Website Build Services,,,,,,,,,Static Website Builds For Service Businesses,,,,budget,Negative Phrase,,,,,,,,,,,,,,,,,,,,,,,,,,,,,,,,,,,,,,,,,,,,,,
Website Build Services,,,,,,,,,Static Website Builds For Service Businesses,,,,canterbury,Negative Phrase,,,,,,,,,,,,,,,,,,,,,,,,,,,,,,,,,,,,,,,,,,,,,,
Website Build Services,,,,,,,,,Static Website Builds For Service Businesses,,,,click,Negative Phrase,,,,,,,,,,,,,,,,,,,,,,,,,,,,,,,,,,,,,,,,,,,,,,
Website Build Services,,,,,,,,,Static Website Builds For Service Businesses,,,,coast,Negative Phrase,,,,,,,,,,,,,,,,,,,,,,,,,,,,,,,,,,,,,,,,,,,,,,
Website Build Services,,,,,,,,,Static Website Builds For Service Businesses,,,,competition,Negative Phrase,,,,,,,,,,,,,,,,,,,,,,,,,,,,,,,,,,,,,,,,,,,,,,
Website Build Services,,,,,,,,,Static Website Builds For Service Businesses,,,,content,Negative Phrase,,,,,,,,,,,,,,,,,,,,,,,,,,,,,,,,,,,,,,,,,,,,,,
Website Build Services,,,,,,,,,Static Website Builds For Service Businesses,,,,control,Negative Phrase,,,,,,,,,,,,,,,,,,,,,,,,,,,,,,,,,,,,,,,,,,,,,,
Website Build Services,,,,,,,,,Static Website Builds For Service Businesses,,,,dental,Negative Phrase,,,,,,,,,,,,,,,,,,,,,,,,,,,,,,,,,,,,,,,,,,,,,,
Website Build Services,,,,,,,,,Static Website Builds For Service Businesses,,,,developer,Negative Phrase,,,,,,,,,,,,,,,,,,,,,,,,,,,,,,,,,,,,,,,,,,,,,,
Website Build Services,,,,,,,,,Static Website Builds For Service Businesses,,,,developers,Negative Phrase,,,,,,,,,,,,,,,,,,,,,,,,,,,,,,,,,,,,,,,,,,,,,,
Website Build Services,,,,,,,,,Static Website Builds For Service Businesses,,,,directories,Negative Phrase,,,,,,,,,,,,,,,,,,,,,,,,,,,,,,,,,,,,,,,,,,,,,,
Website Build Services,,,,,,,,,Static Website Builds For Service Businesses,,,,does,Negative Phrase,,,,,,,,,,,,,,,,,,,,,,,,,,,,,,,,,,,,,,,,,,,,,,
Website Build Services,,,,,,,,,Static Website Builds For Service Businesses,,,,engine,Negative Phrase,,,,,,,,,,,,,,,,,,,,,,,,,,,,,,,,,,,,,,,,,,,,,,
Website Build Services,,,,,,,,,Static Website Builds For Service Businesses,,,,enterprise,Negative Phrase,,,,,,,,,,,,,,,,,,,,,,,,,,,,,,,,,,,,,,,,,,,,,,
Website Build Services,,,,,,,,,Static Website Builds For Service Businesses,,,,fee,Negative Phrase,,,,,,,,,,,,,,,,,,,,,,,,,,,,,,,,,,,,,,,,,,,,,,
Website Build Services,,,,,,,,,Static Website Builds For Service Businesses,,,,free,Negative Phrase,,,,,,,,,,,,,,,,,,,,,,,,,,,,,,,,,,,,,,,,,,,,,,
Website Build Services,,,,,,,,,Static Website Builds For Service Businesses,,,,friendly,Negative Phrase,,,,,,,,,,,,,,,,,,,,,,,,,,,,,,,,,,,,,,,,,,,,,,
Website Build Services,,,,,,,,,Static Website Builds For Service Businesses,,,,global,Negative Phrase,,,,,,,,,,,,,,,,,,,,,,,,,,,,,,,,,,,,,,,,,,,,,,
Website Build Services,,,,,,,,,Static Website Builds For Service Businesses,,,,gold,Negative Phrase,,,,,,,,,,,,,,,,,,,,,,,,,,,,,,,,,,,,,,,,,,,,,,
Website Build Services,,,,,,,,,Static Website Builds For Service Businesses,,,,how,Negative Phrase,,,,,,,,,,,,,,,,,,,,,,,,,,,,,,,,,,,,,,,,,,,,,,
Website Build Services,,,,,,,,,Static Website Builds For Service Businesses,,,,hvac,Negative Phrase,,,,,,,,,,,,,,,,,,,,,,,,,,,,,,,,,,,,,,,,,,,,,,
Website Build Services,,,,,,,,,Static Website Builds For Service Businesses,,,,keyword,Negative Phrase,,,,,,,,,,,,,,,,,,,,,,,,,,,,,,,,,,,,,,,,,,,,,,
Website Build Services,,,,,,,,,Static Website Builds For Service Businesses,,,,keywords,Negative Phrase,,,,,,,,,,,,,,,,,,,,,,,,,,,,,,,,,,,,,,,,,,,,,,
Website Build Services,,,,,,,,,Static Website Builds For Service Businesses,,,,lawyers,Negative Phrase,,,,,,,,,,,,,,,,,,,,,,,,,,,,,,,,,,,,,,,,,,,,,,
Website Build Services,,,,,,,,,Static Website Builds For Service Businesses,,,,listing,Negative Phrase,,,,,,,,,,,,,,,,,,,,,,,,,,,,,,,,,,,,,,,,,,,,,,
Website Build Services,,,,,,,,,Static Website Builds For Service Businesses,,,,localized,Negative Phrase,,,,,,,,,,,,,,,,,,,,,,,,,,,,,,,,,,,,,,,,,,,,,,
Website Build Services,,,,,,,,,Static Website Builds For Service Businesses,,,,locations,Negative Phrase,,,,,,,,,,,,,,,,,,,,,,,,,,,,,,,,,,,,,,,,,,,,,,
Website Build Services,,,,,,,,,Static Website Builds For Service Businesses,,,,management,Negative Phrase,,,,,,,,,,,,,,,,,,,,,,,,,,,,,,,,,,,,,,,,,,,,,,
Website Build Services,,,,,,,,,Static Website Builds For Service Businesses,,,,manager,Negative Phrase,,,,,,,,,,,,,,,,,,,,,,,,,,,,,,,,,,,,,,,,,,,,,,
Website Build Services,,,,,,,,,Static Website Builds For Service Businesses,,,,marketing,Negative Phrase,,,,,,,,,,,,,,,,,,,,,,,,,,,,,,,,,,,,,,,,,,,,,,
Website Build Services,,,,,,,,,Static Website Builds For Service Businesses,,,,monthly,Negative Phrase,,,,,,,,,,,,,,,,,,,,,,,,,,,,,,,,,,,,,,,,,,,,,,
Website Build Services,,,,,,,,,Static Website Builds For Service Businesses,,,,much,Negative Phrase,,,,,,,,,,,,,,,,,,,,,,,,,,,,,,,,,,,,,,,,,,,,,,
Website Build Services,,,,,,,,,Static Website Builds For Service Businesses,,,,multiple,Negative Phrase,,,,,,,,,,,,,,,,,,,,,,,,,,,,,,,,,,,,,,,,,,,,,,
Website Build Services,,,,,,,,,Static Website Builds For Service Businesses,,,,optimisation,Negative Phrase,,,,,,,,,,,,,,,,,,,,,,,,,,,,,,,,,,,,,,,,,,,,,,
Website Build Services,,,,,,,,,Static Website Builds For Service Businesses,,,,optimization,Negative Phrase,,,,,,,,,,,,,,,,,,,,,,,,,,,,,,,,,,,,,,,,,,,,,,
Website Build Services,,,,,,,,,Static Website Builds For Service Businesses,,,,pay,Negative Phrase,,,,,,,,,,,,,,,,,,,,,,,,,,,,,,,,,,,,,,,,,,,,,,
Website Build Services,,,,,,,,,Static Website Builds For Service Businesses,,,,per,Negative Phrase,,,,,,,,,,,,,,,,,,,,,,,,,,,,,,,,,,,,,,,,,,,,,,
Website Build Services,,,,,,,,,Static Website Builds For Service Businesses,,,,pest,Negative Phrase,,,,,,,,,,,,,,,,,,,,,,,,,,,,,,,,,,,,,,,,,,,,,,
Website Build Services,,,,,,,,,Static Website Builds For Service Businesses,,,,rank,Negative Phrase,,,,,,,,,,,,,,,,,,,,,,,,,,,,,,,,,,,,,,,,,,,,,,
Website Build Services,,,,,,,,,Static Website Builds For Service Businesses,,,,ranking,Negative Phrase,,,,,,,,,,,,,,,,,,,,,,,,,,,,,,,,,,,,,,,,,,,,,,
Website Build Services,,,,,,,,,Static Website Builds For Service Businesses,,,,search,Negative Phrase,,,,,,,,,,,,,,,,,,,,,,,,,,,,,,,,,,,,,,,,,,,,,,
Website Build Services,,,,,,,,,Static Website Builds For Service Businesses,,,,serp,Negative Phrase,,,,,,,,,,,,,,,,,,,,,,,,,,,,,,,,,,,,,,,,,,,,,,
Website Build Services,,,,,,,,,Static Website Builds For Service Businesses,,,,setup,Negative Phrase,,,,,,,,,,,,,,,,,,,,,,,,,,,,,,,,,,,,,,,,,,,,,,
Website Build Services,,,,,,,,,Static Website Builds For Service Businesses,,,,shopping,Negative Phrase,,,,,,,,,,,,,,,,,,,,,,,,,,,,,,,,,,,,,,,,,,,,,,
Website Build Services,,,,,,,,,Static Website Builds For Service Businesses,,,,term,Negative Phrase,,,,,,,,,,,,,,,,,,,,,,,,,,,,,,,,,,,,,,,,,,,,,,
Website Build Services,,,,,,,,,Static Website Builds For Service Businesses,,,,tool,Negative Phrase,,,,,,,,,,,,,,,,,,,,,,,,,,,,,,,,,,,,,,,,,,,,,,
Website Build Services,,,,,,,,,Static Website Builds For Service Businesses,,,,tracker,Negative Phrase,,,,,,,,,,,,,,,,,,,,,,,,,,,,,,,,,,,,,,,,,,,,,,
Website Build Services,,,,,,,,,SEO Website Build Service,Standard,Enabled,1561,,,,,,,,,,,,,,,,,,,,,,,,,,,,,,,,,,,,,,,,,,,,,,,,
Website Build Services,,,,,,,,,SEO Website Build Service,,,1741,seo keyword tracker,Phrase,,,,,,,,,,,,,,,,,,,,,,,,,,,,,,,,,,,,,,,,,,,,,,
Website Build Services,,,,,,,,,SEO Website Build Service,,,112,bright local serp,Phrase,,,,,,,,,,,,,,,,,,,,,,,,,,,,,,,,,,,,,,,,,,,,,,
Website Build Services,,,,,,,,,SEO Website Build Service,,,11303,seo web company,Phrase,,,,,,,,,,,,,,,,,,,,,,,,,,,,,,,,,,,,,,,,,,,,,,
Website Build Services,,,,,,,,,SEO Website Build Service,,,11303,seo website company,Phrase,,,,,,,,,,,,,,,,,,,,,,,,,,,,,,,,,,,,,,,,,,,,,,
Website Build Services,,,,,,,,,SEO Website Build Service,,,3278,google local rank tracker,Phrase,,,,,,,,,,,,,,,,,,,,,,,,,,,,,,,,,,,,,,,,,,,,,,
Website Build Services,,,,,,,,,SEO Website Build Service,,,961,seo keyword research,Phrase,,,,,,,,,,,,,,,,,,,,,,,,,,,,,,,,,,,,,,,,,,,,,,
Website Build Services,,,,,,,,,SEO Website Build Service,,,961,seo keyword analysis,Phrase,,,,,,,,,,,,,,,,,,,,,,,,,,,,,,,,,,,,,,,,,,,,,,
Website Build Services,,,,,,,,,SEO Website Build Service,,,961,search engine optimization keyword research,Phrase,,,,,,,,,,,,,,,,,,,,,,,,,,,,,,,,,,,,,,,,,,,,,,
Website Build Services,,,,,,,,,SEO Website Build Service,,,961,research keywords seo,Phrase,,,,,,,,,,,,,,,,,,,,,,,,,,,,,,,,,,,,,,,,,,,,,,
Website Build Services,,,,,,,,,SEO Website Build Service,,,961,search engine optimization keyword analysis,Phrase,,,,,,,,,,,,,,,,,,,,,,,,,,,,,,,,,,,,,,,,,,,,,,
Website Build Services,,,,,,,,,SEO Website Build Service,,,667,seo for web developers,Phrase,,,,,,,,,,,,,,,,,,,,,,,,,,,,,,,,,,,,,,,,,,,,,,
Website Build Services,,,,,,,,,SEO Website Build Service,,,667,web developer and seo,Phrase,,,,,,,,,,,,,,,,,,,,,,,,,,,,,,,,,,,,,,,,,,,,,,
Website Build Services,,,,,,,,,SEO Website Build Service,,,3268,seo keyword competition analysis,Phrase,,,,,,,,,,,,,,,,,,,,,,,,,,,,,,,,,,,,,,,,,,,,,,
Website Build Services,,,,,,,,,SEO Website Build Service,,,7192,website optimization near me,Phrase,,,,,,,,,,,,,,,,,,,,,,,,,,,,,,,,,,,,,,,,,,,,,,
Website Build Services,,,,,,,,,SEO Website Build Service,,,1084,seo keyword tool,Phrase,,,,,,,,,,,,,,,,,,,,,,,,,,,,,,,,,,,,,,,,,,,,,,
Website Build Services,,,,,,,,,SEO Website Build Service,,,1084,search engine optimization keyword tool,Phrase,,,,,,,,,,,,,,,,,,,,,,,,,,,,,,,,,,,,,,,,,,,,,,
Website Build Services,,,,,,,,,SEO Website Build Service,,,1526,local seo optimisation,Phrase,,,,,,,,,,,,,,,,,,,,,,,,,,,,,,,,,,,,,,,,,,,,,,
Website Build Services,,,,,,,,,SEO Website Build Service,,,1302,local keyword research,Phrase,,,,,,,,,,,,,,,,,,,,,,,,,,,,,,,,,,,,,,,,,,,,,,
Website Build Services,,,,,,,,,SEO Website Build Service,,,1458,local seo keyword research,Phrase,,,,,,,,,,,,,,,,,,,,,,,,,,,,,,,,,,,,,,,,,,,,,,
Website Build Services,,,,,,,,,SEO Website Build Service,,,4723,local seo for multiple locations,Phrase,,,,,,,,,,,,,,,,,,,,,,,,,,,,,,,,,,,,,,,,,,,,,,
Website Build Services,,,,,,,,,SEO Website Build Service,,,4866,website seo near me,Phrase,,,,,,,,,,,,,,,,,,,,,,,,,,,,,,,,,,,,,,,,,,,,,,
Website Build Services,,,,,,,,,SEO Website Build Service,,,4900,website design and seo near me,Phrase,,,,,,,,,,,,,,,,,,,,,,,,,,,,,,,,,,,,,,,,,,,,,,
Website Build Services,,,,,,,,,SEO Website Build Service,,,1022,seo keyword search,Phrase,,,,,,,,,,,,,,,,,,,,,,,,,,,,,,,,,,,,,,,,,,,,,,
Website Build Services,,,,,,,,,SEO Website Build Service,,,6386,seo for multiple locations,Phrase,,,,,,,,,,,,,,,,,,,,,,,,,,,,,,,,,,,,,,,,,,,,,,
Website Build Services,,,,,,,,,SEO Website Build Service,,,836,keyword research analysis,Phrase,,,,,,,,,,,,,,,,,,,,,,,,,,,,,,,,,,,,,,,,,,,,,,
Website Build Services,,,,,,,,,SEO Website Build Service,,,1302,localized keyword research,Phrase,,,,,,,,,,,,,,,,,,,,,,,,,,,,,,,,,,,,,,,,,,,,,,
Website Build Services,,,,,,,,,SEO Website Build Service,,,2129,website directories seo,Phrase,,,,,,,,,,,,,,,,,,,,,,,,,,,,,,,,,,,,,,,,,,,,,,
Website Build Services,,,,,,,,,SEO Website Build Service,,,925,seo design,Phrase,,,,,,,,,,,,,,,,,,,,,,,,,,,,,,,,,,,,,,,,,,,,,,
Website Build Services,,,,,,,,,SEO Website Build Service,,,1715,seo research,Phrase,,,,,,,,,,,,,,,,,,,,,,,,,,,,,,,,,,,,,,,,,,,,,,
Website Build Services,,,,,,,,,SEO Website Build Service,,,2625,keyword services,Phrase,,,,,,,,,,,,,,,,,,,,,,,,,,,,,,,,,,,,,,,,,,,,,,
Website Build Services,,,,,,,,,SEO Website Build Service,,,1561,search term research,Phrase,,,,,,,,,,,,,,,,,,,,,,,,,,,,,,,,,,,,,,,,,,,,,,
Website Build Services,,,,,,,,,SEO Website Build Service,,,382,business listing sites for seo,Phrase,,,,,,,,,,,,,,,,,,,,,,,,,,,,,,,,,,,,,,,,,,,,,,
Website Build Services,,,,,,,,,SEO Website Build Service,,,3745,best website builder for seo,Phrase,,,,,,,,,,,,,,,,,,,,,,,,,,,,,,,,,,,,,,,,,,,,,,
Website Build Services,,,,,,,,,SEO Website Build Service,,,3745,best web builder for seo,Phrase,,,,,,,,,,,,,,,,,,,,,,,,,,,,,,,,,,,,,,,,,,,,,,
Website Build Services,,,,,,,,,SEO Website Build Service,,,3745,best site builder for seo,Phrase,,,,,,,,,,,,,,,,,,,,,,,,,,,,,,,,,,,,,,,,,,,,,,
Website Build Services,,,,,,,,,SEO Website Build Service,,,1426,local search websites,Phrase,,,,,,,,,,,,,,,,,,,,,,,,,,,,,,,,,,,,,,,,,,,,,,
Website Build Services,,,,,,,,,SEO Website Build Service,,,1426,local search sites,Phrase,,,,,,,,,,,,,,,,,,,,,,,,,,,,,,,,,,,,,,,,,,,,,,
Website Build Services,,,,,,,,,SEO Website Build Service,,,7755,website seo companies near me,Phrase,,,,,,,,,,,,,,,,,,,,,,,,,,,,,,,,,,,,,,,,,,,,,,
Website Build Services,,,,,,,,,SEO Website Build Service,,,3278,canterbury website design & seo,Phrase,,,,,,,,,,,,,,,,,,,,,,,,,,,,,,,,,,,,,,,,,,,,,,
Website Build Services,,,,,,,,,SEO Website Build Service,,,3278,keyword research and analysis for seo,Phrase,,,,,,,,,,,,,,,,,,,,,,,,,,,,,,,,,,,,,,,,,,,,,,
Website Build Services,,,,,,,,,SEO Website Build Service,,,1561,seo audit for small business website,Phrase,,,,,,,,,,,,,,,,,,,,,,,,,,,,,,,,,,,,,,,,,,,,,,
Website Build Services,,,,,,,,,SEO Website Build Service,,,1561,local seo package pricing,Phrase,,,,,,,,,,,,,,,,,,,,,,,,,,,,,,,,,,,,,,,,,,,,,,
Website Build Services,,,,,,,,,SEO Website Build Service,,,1561,seo content for service business website,Phrase,,,,,,,,,,,,,,,,,,,,,,,,,,,,,,,,,,,,,,,,,,,,,,
Website Build Services,,,,,,,,,SEO Website Build Service,,,1561,keyword research service quote,Phrase,,,,,,,,,,,,,,,,,,,,,,,,,,,,,,,,,,,,,,,,,,,,,,
Website Build Services,,,,,,,,,SEO Website Build Service,,,1561,how much does seo cost for small business,Phrase,,,,,,,,,,,,,,,,,,,,,,,,,,,,,,,,,,,,,,,,,,,,,,
Website Build Services,,,,,,,,,SEO Website Build Service,,,1561,seo friendly website builder pricing,Phrase,,,,,,,,,,,,,,,,,,,,,,,,,,,,,,,,,,,,,,,,,,,,,,
Website Build Services,,,,,,,,,SEO Website Build Service,,,1561,local business seo ranking service,Phrase,,,,,,,,,,,,,,,,,,,,,,,,,,,,,,,,,,,,,,,,,,,,,,
Website Build Services,,,,,,,,,SEO Website Build Service,,,1561,seo website build cost,Phrase,,,,,,,,,,,,,,,,,,,,,,,,,,,,,,,,,,,,,,,,,,,,,,
Website Build Services,,,,,,,,,SEO Website Build Service,,,,google ads,Negative Phrase,,,,,,,,,,,,,,,,,,,,,,,,,,,,,,,,,,,,,,,,,,,,,,
Website Build Services,,,,,,,,,SEO Website Build Service,,,,ppc,Negative Phrase,,,,,,,,,,,,,,,,,,,,,,,,,,,,,,,,,,,,,,,,,,,,,,
Website Build Services,,,,,,,,,SEO Website Build Service,,,,adwords,Negative Phrase,,,,,,,,,,,,,,,,,,,,,,,,,,,,,,,,,,,,,,,,,,,,,,
Website Build Services,,,,,,,,,SEO Website Build Service,,,,campaign management,Negative Phrase,,,,,,,,,,,,,,,,,,,,,,,,,,,,,,,,,,,,,,,,,,,,,,
Website Build Services,,,,,,,,,SEO Website Build Service,,,,static website,Negative Phrase,,,,,,,,,,,,,,,,,,,,,,,,,,,,,,,,,,,,,,,,,,,,,,
Website Build Services,,,,,,,,,SEO Website Build Service,,,,no wordpress,Negative Phrase,,,,,,,,,,,,,,,,,,,,,,,,,,,,,,,,,,,,,,,,,,,,,,
Website Build Services,,,,,,,,,SEO Website Build Service,,,,hosting,Negative Phrase,,,,,,,,,,,,,,,,,,,,,,,,,,,,,,,,,,,,,,,,,,,,,,
Website Build Services,,,,,,,,,SEO Website Build Service,,,,admin,Negative Phrase,,,,,,,,,,,,,,,,,,,,,,,,,,,,,,,,,,,,,,,,,,,,,,
Website Build Services,,,,,,,,,SEO Website Build Service,,,,ads,Negative Phrase,,,,,,,,,,,,,,,,,,,,,,,,,,,,,,,,,,,,,,,,,,,,,,
Website Build Services,,,,,,,,,SEO Website Build Service,,,,advertising,Negative Phrase,,,,,,,,,,,,,,,,,,,,,,,,,,,,,,,,,,,,,,,,,,,,,,
Website Build Services,,,,,,,,,SEO Website Build Service,,,,adword,Negative Phrase,,,,,,,,,,,,,,,,,,,,,,,,,,,,,,,,,,,,,,,,,,,,,,
Website Build Services,,,,,,,,,SEO Website Build Service,,,,audience,Negative Phrase,,,,,,,,,,,,,,,,,,,,,,,,,,,,,,,,,,,,,,,,,,,,,,
Website Build Services,,,,,,,,,SEO Website Build Service,,,,boca,Negative Phrase,,,,,,,,,,,,,,,,,,,,,,,,,,,,,,,,,,,,,,,,,,,,,,
Website Build Services,,,,,,,,,SEO Website Build Service,,,,budget,Negative Phrase,,,,,,,,,,,,,,,,,,,,,,,,,,,,,,,,,,,,,,,,,,,,,,
Website Build Services,,,,,,,,,SEO Website Build Service,,,,click,Negative Phrase,,,,,,,,,,,,,,,,,,,,,,,,,,,,,,,,,,,,,,,,,,,,,,
Website Build Services,,,,,,,,,SEO Website Build Service,,,,coast,Negative Phrase,,,,,,,,,,,,,,,,,,,,,,,,,,,,,,,,,,,,,,,,,,,,,,
Website Build Services,,,,,,,,,SEO Website Build Service,,,,coffee,Negative Phrase,,,,,,,,,,,,,,,,,,,,,,,,,,,,,,,,,,,,,,,,,,,,,,
Website Build Services,,,,,,,,,SEO Website Build Service,,,,contractor,Negative Phrase,,,,,,,,,,,,,,,,,,,,,,,,,,,,,,,,,,,,,,,,,,,,,,
Website Build Services,,,,,,,,,SEO Website Build Service,,,,contractors,Negative Phrase,,,,,,,,,,,,,,,,,,,,,,,,,,,,,,,,,,,,,,,,,,,,,,
Website Build Services,,,,,,,,,SEO Website Build Service,,,,control,Negative Phrase,,,,,,,,,,,,,,,,,,,,,,,,,,,,,,,,,,,,,,,,,,,,,,
Website Build Services,,,,,,,,,SEO Website Build Service,,,,corporate,Negative Phrase,,,,,,,,,,,,,,,,,,,,,,,,,,,,,,,,,,,,,,,,,,,,,,
Website Build Services,,,,,,,,,SEO Website Build Service,,,,creator,Negative Phrase,,,,,,,,,,,,,,,,,,,,,,,,,,,,,,,,,,,,,,,,,,,,,,
Website Build Services,,,,,,,,,SEO Website Build Service,,,,custom,Negative Phrase,,,,,,,,,,,,,,,,,,,,,,,,,,,,,,,,,,,,,,,,,,,,,,
Website Build Services,,,,,,,,,SEO Website Build Service,,,,dental,Negative Phrase,,,,,,,,,,,,,,,,,,,,,,,,,,,,,,,,,,,,,,,,,,,,,,
Website Build Services,,,,,,,,,SEO Website Build Service,,,,development,Negative Phrase,,,,,,,,,,,,,,,,,,,,,,,,,,,,,,,,,,,,,,,,,,,,,,
Website Build Services,,,,,,,,,SEO Website Build Service,,,,electrical,Negative Phrase,,,,,,,,,,,,,,,,,,,,,,,,,,,,,,,,,,,,,,,,,,,,,,
Website Build Services,,,,,,,,,SEO Website Build Service,,,,electricians,Negative Phrase,,,,,,,,,,,,,,,,,,,,,,,,,,,,,,,,,,,,,,,,,,,,,,
Website Build Services,,,,,,,,,SEO Website Build Service,,,,enterprise,Negative Phrase,,,,,,,,,,,,,,,,,,,,,,,,,,,,,,,,,,,,,,,,,,,,,,
Website Build Services,,,,,,,,,SEO Website Build Service,,,,estate,Negative Phrase,,,,,,,,,,,,,,,,,,,,,,,,,,,,,,,,,,,,,,,,,,,,,,
Website Build Services,,,,,,,,,SEO Website Build Service,,,,fast,Negative Phrase,,,,,,,,,,,,,,,,,,,,,,,,,,,,,,,,,,,,,,,,,,,,,,
Website Build Services,,,,,,,,,SEO Website Build Service,,,,fee,Negative Phrase,,,,,,,,,,,,,,,,,,,,,,,,,,,,,,,,,,,,,,,,,,,,,,
Website Build Services,,,,,,,,,SEO Website Build Service,,,,free,Negative Phrase,,,,,,,,,,,,,,,,,,,,,,,,,,,,,,,,,,,,,,,,,,,,,,
Website Build Services,,,,,,,,,SEO Website Build Service,,,,global,Negative Phrase,,,,,,,,,,,,,,,,,,,,,,,,,,,,,,,,,,,,,,,,,,,,,,
Website Build Services,,,,,,,,,SEO Website Build Service,,,,gold,Negative Phrase,,,,,,,,,,,,,,,,,,,,,,,,,,,,,,,,,,,,,,,,,,,,,,
Website Build Services,,,,,,,,,SEO Website Build Service,,,,hvac,Negative Phrase,,,,,,,,,,,,,,,,,,,,,,,,,,,,,,,,,,,,,,,,,,,,,,
Website Build Services,,,,,,,,,SEO Website Build Service,,,,lawyers,Negative Phrase,,,,,,,,,,,,,,,,,,,,,,,,,,,,,,,,,,,,,,,,,,,,,,
Website Build Services,,,,,,,,,SEO Website Build Service,,,,loading,Negative Phrase,,,,,,,,,,,,,,,,,,,,,,,,,,,,,,,,,,,,,,,,,,,,,,
Website Build Services,,,,,,,,,SEO Website Build Service,,,,maker,Negative Phrase,,,,,,,,,,,,,,,,,,,,,,,,,,,,,,,,,,,,,,,,,,,,,,
Website Build Services,,,,,,,,,SEO Website Build Service,,,,making,Negative Phrase,,,,,,,,,,,,,,,,,,,,,,,,,,,,,,,,,,,,,,,,,,,,,,
Website Build Services,,,,,,,,,SEO Website Build Service,,,,management,Negative Phrase,,,,,,,,,,,,,,,,,,,,,,,,,,,,,,,,,,,,,,,,,,,,,,
Website Build Services,,,,,,,,,SEO Website Build Service,,,,manager,Negative Phrase,,,,,,,,,,,,,,,,,,,,,,,,,,,,,,,,,,,,,,,,,,,,,,
Website Build Services,,,,,,,,,SEO Website Build Service,,,,marketing,Negative Phrase,,,,,,,,,,,,,,,,,,,,,,,,,,,,,,,,,,,,,,,,,,,,,,
Website Build Services,,,,,,,,,SEO Website Build Service,,,,monthly,Negative Phrase,,,,,,,,,,,,,,,,,,,,,,,,,,,,,,,,,,,,,,,,,,,,,,
Website Build Services,,,,,,,,,SEO Website Build Service,,,,online,Negative Phrase,,,,,,,,,,,,,,,,,,,,,,,,,,,,,,,,,,,,,,,,,,,,,,
Website Build Services,,,,,,,,,SEO Website Build Service,,,,page,Negative Phrase,,,,,,,,,,,,,,,,,,,,,,,,,,,,,,,,,,,,,,,,,,,,,,
Website Build Services,,,,,,,,,SEO Website Build Service,,,,pay,Negative Phrase,,,,,,,,,,,,,,,,,,,,,,,,,,,,,,,,,,,,,,,,,,,,,,
Website Build Services,,,,,,,,,SEO Website Build Service,,,,per,Negative Phrase,,,,,,,,,,,,,,,,,,,,,,,,,,,,,,,,,,,,,,,,,,,,,,
Website Build Services,,,,,,,,,SEO Website Build Service,,,,pest,Negative Phrase,,,,,,,,,,,,,,,,,,,,,,,,,,,,,,,,,,,,,,,,,,,,,,
Website Build Services,,,,,,,,,SEO Website Build Service,,,,plugins,Negative Phrase,,,,,,,,,,,,,,,,,,,,,,,,,,,,,,,,,,,,,,,,,,,,,,
Website Build Services,,,,,,,,,SEO Website Build Service,,,,plumbers,Negative Phrase,,,,,,,,,,,,,,,,,,,,,,,,,,,,,,,,,,,,,,,,,,,,,,
Website Build Services,,,,,,,,,SEO Website Build Service,,,,rated,Negative Phrase,,,,,,,,,,,,,,,,,,,,,,,,,,,,,,,,,,,,,,,,,,,,,,
Website Build Services,,,,,,,,,SEO Website Build Service,,,,real,Negative Phrase,,,,,,,,,,,,,,,,,,,,,,,,,,,,,,,,,,,,,,,,,,,,,,
Website Build Services,,,,,,,,,SEO Website Build Service,,,,secure,Negative Phrase,,,,,,,,,,,,,,,,,,,,,,,,,,,,,,,,,,,,,,,,,,,,,,
Website Build Services,,,,,,,,,SEO Website Build Service,,,,setup,Negative Phrase,,,,,,,,,,,,,,,,,,,,,,,,,,,,,,,,,,,,,,,,,,,,,,
Website Build Services,,,,,,,,,SEO Website Build Service,,,,shop,Negative Phrase,,,,,,,,,,,,,,,,,,,,,,,,,,,,,,,,,,,,,,,,,,,,,,
Website Build Services,,,,,,,,,SEO Website Build Service,,,,shopping,Negative Phrase,,,,,,,,,,,,,,,,,,,,,,,,,,,,,,,,,,,,,,,,,,,,,,
Website Build Services,,,,,,,,,SEO Website Build Service,,,,static,Negative Phrase,,,,,,,,,,,,,,,,,,,,,,,,,,,,,,,,,,,,,,,,,,,,,,
Website Build Services,,,,,,,,,SEO Website Build Service,,,,wordpress,Negative Phrase,,,,,,,,,,,,,,,,,,,,,,,,,,,,,,,,,,,,,,,,,,,,,,
Website Build Services,,,,,,,,,Google Ads Campaign Management,Standard,Enabled,7401,,,,,,,,,,,,,,,,,,,,,,,,,,,,,,,,,,,,,,,,,,,,,,,,
Website Build Services,,,,,,,,,Google Ads Campaign Management,,,5594,google ads management near me,Exact,,,,,,,,,,,,,,,,,,,,,,,,,,,,,,,,,,,,,,,,,,,,,,
Website Build Services,,,,,,,,,Google Ads Campaign Management,,,16390.0,ppc management near me,Exact,,,,,,,,,,,,,,,,,,,,,,,,,,,,,,,,,,,,,,,,,,,,,,
Website Build Services,,,,,,,,,Google Ads Campaign Management,,,10650,google ads management services near me,Exact,,,,,,,,,,,,,,,,,,,,,,,,,,,,,,,,,,,,,,,,,,,,,,
Website Build Services,,,,,,,,,Google Ads Campaign Management,,,16390.0,google ads audience manager,Exact,,,,,,,,,,,,,,,,,,,,,,,,,,,,,,,,,,,,,,,,,,,,,,
Website Build Services,,,,,,,,,Google Ads Campaign Management,,,13971,google ads for local business,Exact,,,,,,,,,,,,,,,,,,,,,,,,,,,,,,,,,,,,,,,,,,,,,,
Website Build Services,,,,,,,,,Google Ads Campaign Management,,,13971,google local business advertising,Exact,,,,,,,,,,,,,,,,,,,,,,,,,,,,,,,,,,,,,,,,,,,,,,
Website Build Services,,,,,,,,,Google Ads Campaign Management,,,13971,google local business ad,Exact,,,,,,,,,,,,,,,,,,,,,,,,,,,,,,,,,,,,,,,,,,,,,,
Website Build Services,,,,,,,,,Google Ads Campaign Management,,,16390.0,google ads for small business,Exact,,,,,,,,,,,,,,,,,,,,,,,,,,,,,,,,,,,,,,,,,,,,,,
Website Build Services,,,,,,,,,Google Ads Campaign Management,,,16390.0,google advertising for small business,Exact,,,,,,,,,,,,,,,,,,,,,,,,,,,,,,,,,,,,,,,,,,,,,,
Website Build Services,,,,,,,,,Google Ads Campaign Management,,,9493,google ads marketing agency near me,Exact,,,,,,,,,,,,,,,,,,,,,,,,,,,,,,,,,,,,,,,,,,,,,,
Website Build Services,,,,,,,,,Google Ads Campaign Management,,,16390.0,google local ads services,Exact,,,,,,,,,,,,,,,,,,,,,,,,,,,,,,,,,,,,,,,,,,,,,,
Website Build Services,,,,,,,,,Google Ads Campaign Management,,,7401,adword agency,Exact,,,,,,,,,,,,,,,,,,,,,,,,,,,,,,,,,,,,,,,,,,,,,,
Website Build Services,,,,,,,,,Google Ads Campaign Management,,,7401,adwords advertising agency,Exact,,,,,,,,,,,,,,,,,,,,,,,,,,,,,,,,,,,,,,,,,,,,,,
Website Build Services,,,,,,,,,Google Ads Campaign Management,,,7401,adwords agency,Exact,,,,,,,,,,,,,,,,,,,,,,,,,,,,,,,,,,,,,,,,,,,,,,
Website Build Services,,,,,,,,,Google Ads Campaign Management,,,16390.0,google ads admin,Exact,,,,,,,,,,,,,,,,,,,,,,,,,,,,,,,,,,,,,,,,,,,,,,
Website Build Services,,,,,,,,,Google Ads Campaign Management,,,3925,hvac google ads,Exact,,,,,,,,,,,,,,,,,,,,,,,,,,,,,,,,,,,,,,,,,,,,,,
Website Build Services,,,,,,,,,Google Ads Campaign Management,,,5421,google free advertising for small business,Exact,,,,,,,,,,,,,,,,,,,,,,,,,,,,,,,,,,,,,,,,,,,,,,
Website Build Services,,,,,,,,,Google Ads Campaign Management,,,3336,ppc research,Exact,,,,,,,,,,,,,,,,,,,,,,,,,,,,,,,,,,,,,,,,,,,,,,
Website Build Services,,,,,,,,,Google Ads Campaign Management,,,3278,google shopping ads management services,Exact,,,,,,,,,,,,,,,,,,,,,,,,,,,,,,,,,,,,,,,,,,,,,,
Website Build Services,,,,,,,,,Google Ads Campaign Management,,,4794,google ads management pricing,Exact,,,,,,,,,,,,,,,,,,,,,,,,,,,,,,,,,,,,,,,,,,,,,,
Website Build Services,,,,,,,,,Google Ads Campaign Management,,,3278,pay per click management near me,Exact,,,,,,,,,,,,,,,,,,,,,,,,,,,,,,,,,,,,,,,,,,,,,,
Website Build Services,,,,,,,,,Google Ads Campaign Management,,,5513,google ads management cost,Exact,,,,,,,,,,,,,,,,,,,,,,,,,,,,,,,,,,,,,,,,,,,,,,
Website Build Services,,,,,,,,,Google Ads Campaign Management,,,3488,google ads for pest control,Exact,,,,,,,,,,,,,,,,,,,,,,,,,,,,,,,,,,,,,,,,,,,,,,
Website Build Services,,,,,,,,,Google Ads Campaign Management,,,3278,enterprise ppc management,Exact,,,,,,,,,,,,,,,,,,,,,,,,,,,,,,,,,,,,,,,,,,,,,,
Website Build Services,,,,,,,,,Google Ads Campaign Management,,,3278,google ads budget management,Exact,,,,,,,,,,,,,,,,,,,,,,,,,,,,,,,,,,,,,,,,,,,,,,
Website Build Services,,,,,,,,,Google Ads Campaign Management,,,3995,ai ppc management,Exact,,,,,,,,,,,,,,,,,,,,,,,,,,,,,,,,,,,,,,,,,,,,,,
Website Build Services,,,,,,,,,Google Ads Campaign Management,,,3278,google ads management gold coast,Exact,,,,,,,,,,,,,,,,,,,,,,,,,,,,,,,,,,,,,,,,,,,,,,
Website Build Services,,,,,,,,,Google Ads Campaign Management,,,3278,dental google adwords agency,Exact,,,,,,,,,,,,,,,,,,,,,,,,,,,,,,,,,,,,,,,,,,,,,,
Website Build Services,,,,,,,,,Google Ads Campaign Management,,,3278,google ads management for lawyers,Exact,,,,,,,,,,,,,,,,,,,,,,,,,,,,,,,,,,,,,,,,,,,,,,
Website Build Services,,,,,,,,,Google Ads Campaign Management,,,3278,hvac ppc management,Exact,,,,,,,,,,,,,,,,,,,,,,,,,,,,,,,,,,,,,,,,,,,,,,
Website Build Services,,,,,,,,,Google Ads Campaign Management,,,3278,global google ads agency,Exact,,,,,,,,,,,,,,,,,,,,,,,,,,,,,,,,,,,,,,,,,,,,,,
Website Build Services,,,,,,,,,Google Ads Campaign Management,,,14684,top google ads agency,Exact,,,,,,,,,,,,,,,,,,,,,,,,,,,,,,,,,,,,,,,,,,,,,,
Website Build Services,,,,,,,,,Google Ads Campaign Management,,,11960,google shopping management agency,Exact,,,,,,,,,,,,,,,,,,,,,,,,,,,,,,,,,,,,,,,,,,,,,,
Website Build Services,,,,,,,,,Google Ads Campaign Management,,,3545,google ads management for small business,Exact,,,,,,,,,,,,,,,,,,,,,,,,,,,,,,,,,,,,,,,,,,,,,,
Website Build Services,,,,,,,,,Google Ads Campaign Management,,,3278,phoenix ppc management,Exact,,,,,,,,,,,,,,,,,,,,,,,,,,,,,,,,,,,,,,,,,,,,,,
Website Build Services,,,,,,,,,Google Ads Campaign Management,,,10539,ppc management service,Exact,,,,,,,,,,,,,,,,,,,,,,,,,,,,,,,,,,,,,,,,,,,,,,
Website Build Services,,,,,,,,,Google Ads Campaign Management,,,7597,ppc ads services,Exact,,,,,,,,,,,,,,,,,,,,,,,,,,,,,,,,,,,,,,,,,,,,,,
Website Build Services,,,,,,,,,Google Ads Campaign Management,,,7597,ppc advertising services,Exact,,,,,,,,,,,,,,,,,,,,,,,,,,,,,,,,,,,,,,,,,,,,,,
Website Build Services,,,,,,,,,Google Ads Campaign Management,,,8705,google ads management services,Exact,,,,,,,,,,,,,,,,,,,,,,,,,,,,,,,,,,,,,,,,,,,,,,
Website Build Services,,,,,,,,,Google Ads Campaign Management,,,16390.0,google advertising manager,Exact,,,,,,,,,,,,,,,,,,,,,,,,,,,,,,,,,,,,,,,,,,,,,,
Website Build Services,,,,,,,,,Google Ads Campaign Management,,,7401,google ads management pricing packages,Phrase,,,,,,,,,,,,,,,,,,,,,,,,,,,,,,,,,,,,,,,,,,,,,,
Website Build Services,,,,,,,,,Google Ads Campaign Management,,,7401,hire google ads expert,Phrase,,,,,,,,,,,,,,,,,,,,,,,,,,,,,,,,,,,,,,,,,,,,,,
Website Build Services,,,,,,,,,Google Ads Campaign Management,,,7401,ppc management quote,Phrase,,,,,,,,,,,,,,,,,,,,,,,,,,,,,,,,,,,,,,,,,,,,,,
Website Build Services,,,,,,,,,Google Ads Campaign Management,,,7401,google ads agency for small business near me,Phrase,,,,,,,,,,,,,,,,,,,,,,,,,,,,,,,,,,,,,,,,,,,,,,
Website Build Services,,,,,,,,,Google Ads Campaign Management,,,7401,google ads audit service,Phrase,,,,,,,,,,,,,,,,,,,,,,,,,,,,,,,,,,,,,,,,,,,,,,
Website Build Services,,,,,,,,,Google Ads Campaign Management,,,7401,google ads setup and management cost,Phrase,,,,,,,,,,,,,,,,,,,,,,,,,,,,,,,,,,,,,,,,,,,,,,
Website Build Services,,,,,,,,,Google Ads Campaign Management,,,7401,best ppc agency for local business,Phrase,,,,,,,,,,,,,,,,,,,,,,,,,,,,,,,,,,,,,,,,,,,,,,
Website Build Services,,,,,,,,,Google Ads Campaign Management,,,7401,monthly google ads management fee,Phrase,,,,,,,,,,,,,,,,,,,,,,,,,,,,,,,,,,,,,,,,,,,,,,
Website Build Services,,,,,,,,,Google Ads Campaign Management,,,,website design,Negative Phrase,,,,,,,,,,,,,,,,,,,,,,,,,,,,,,,,,,,,,,,,,,,,,,
Website Build Services,,,,,,,,,Google Ads Campaign Management,,,,web development,Negative Phrase,,,,,,,,,,,,,,,,,,,,,,,,,,,,,,,,,,,,,,,,,,,,,,
Website Build Services,,,,,,,,,Google Ads Campaign Management,,,,seo,Negative Phrase,,,,,,,,,,,,,,,,,,,,,,,,,,,,,,,,,,,,,,,,,,,,,,
Website Build Services,,,,,,,,,Google Ads Campaign Management,,,,keyword research,Negative Phrase,,,,,,,,,,,,,,,,,,,,,,,,,,,,,,,,,,,,,,,,,,,,,,
Website Build Services,,,,,,,,,Google Ads Campaign Management,,,,static website,Negative Phrase,,,,,,,,,,,,,,,,,,,,,,,,,,,,,,,,,,,,,,,,,,,,,,
Website Build Services,,,,,,,,,Google Ads Campaign Management,,,,backlink,Negative Phrase,,,,,,,,,,,,,,,,,,,,,,,,,,,,,,,,,,,,,,,,,,,,,,
Website Build Services,,,,,,,,,Google Ads Campaign Management,,,,analysis,Negative Phrase,,,,,,,,,,,,,,,,,,,,,,,,,,,,,,,,,,,,,,,,,,,,,,
Website Build Services,,,,,,,,,Google Ads Campaign Management,,,,boca,Negative Phrase,,,,,,,,,,,,,,,,,,,,,,,,,,,,,,,,,,,,,,,,,,,,,,
Website Build Services,,,,,,,,,Google Ads Campaign Management,,,,bright,Negative Phrase,,,,,,,,,,,,,,,,,,,,,,,,,,,,,,,,,,,,,,,,,,,,,,
Website Build Services,,,,,,,,,Google Ads Campaign Management,,,,canterbury,Negative Phrase,,,,,,,,,,,,,,,,,,,,,,,,,,,,,,,,,,,,,,,,,,,,,,
Website Build Services,,,,,,,,,Google Ads Campaign Management,,,,coffee,Negative Phrase,,,,,,,,,,,,,,,,,,,,,,,,,,,,,,,,,,,,,,,,,,,,,,
Website Build Services,,,,,,,,,Google Ads Campaign Management,,,,competition,Negative Phrase,,,,,,,,,,,,,,,,,,,,,,,,,,,,,,,,,,,,,,,,,,,,,,
Website Build Services,,,,,,,,,Google Ads Campaign Management,,,,content,Negative Phrase,,,,,,,,,,,,,,,,,,,,,,,,,,,,,,,,,,,,,,,,,,,,,,
Website Build Services,,,,,,,,,Google Ads Campaign Management,,,,contractor,Negative Phrase,,,,,,,,,,,,,,,,,,,,,,,,,,,,,,,,,,,,,,,,,,,,,,
Website Build Services,,,,,,,,,Google Ads Campaign Management,,,,contractors,Negative Phrase,,,,,,,,,,,,,,,,,,,,,,,,,,,,,,,,,,,,,,,,,,,,,,
Website Build Services,,,,,,,,,Google Ads Campaign Management,,,,corporate,Negative Phrase,,,,,,,,,,,,,,,,,,,,,,,,,,,,,,,,,,,,,,,,,,,,,,
Website Build Services,,,,,,,,,Google Ads Campaign Management,,,,creator,Negative Phrase,,,,,,,,,,,,,,,,,,,,,,,,,,,,,,,,,,,,,,,,,,,,,,
Website Build Services,,,,,,,,,Google Ads Campaign Management,,,,custom,Negative Phrase,,,,,,,,,,,,,,,,,,,,,,,,,,,,,,,,,,,,,,,,,,,,,,
Website Build Services,,,,,,,,,Google Ads Campaign Management,,,,developer,Negative Phrase,,,,,,,,,,,,,,,,,,,,,,,,,,,,,,,,,,,,,,,,,,,,,,
Website Build Services,,,,,,,,,Google Ads Campaign Management,,,,developers,Negative Phrase,,,,,,,,,,,,,,,,,,,,,,,,,,,,,,,,,,,,,,,,,,,,,,
Website Build Services,,,,,,,,,Google Ads Campaign Management,,,,development,Negative Phrase,,,,,,,,,,,,,,,,,,,,,,,,,,,,,,,,,,,,,,,,,,,,,,
Website Build Services,,,,,,,,,Google Ads Campaign Management,,,,directories,Negative Phrase,,,,,,,,,,,,,,,,,,,,,,,,,,,,,,,,,,,,,,,,,,,,,,
Website Build Services,,,,,,,,,Google Ads Campaign Management,,,,does,Negative Phrase,,,,,,,,,,,,,,,,,,,,,,,,,,,,,,,,,,,,,,,,,,,,,,
Website Build Services,,,,,,,,,Google Ads Campaign Management,,,,electrical,Negative Phrase,,,,,,,,,,,,,,,,,,,,,,,,,,,,,,,,,,,,,,,,,,,,,,
Website Build Services,,,,,,,,,Google Ads Campaign Management,,,,electricians,Negative Phrase,,,,,,,,,,,,,,,,,,,,,,,,,,,,,,,,,,,,,,,,,,,,,,
Website Build Services,,,,,,,,,Google Ads Campaign Management,,,,engine,Negative Phrase,,,,,,,,,,,,,,,,,,,,,,,,,,,,,,,,,,,,,,,,,,,,,,
Website Build Services,,,,,,,,,Google Ads Campaign Management,,,,estate,Negative Phrase,,,,,,,,,,,,,,,,,,,,,,,,,,,,,,,,,,,,,,,,,,,,,,
Website Build Services,,,,,,,,,Google Ads Campaign Management,,,,fast,Negative Phrase,,,,,,,,,,,,,,,,,,,,,,,,,,,,,,,,,,,,,,,,,,,,,,
Website Build Services,,,,,,,,,Google Ads Campaign Management,,,,friendly,Negative Phrase,,,,,,,,,,,,,,,,,,,,,,,,,,,,,,,,,,,,,,,,,,,,,,
Website Build Services,,,,,,,,,Google Ads Campaign Management,,,,how,Negative Phrase,,,,,,,,,,,,,,,,,,,,,,,,,,,,,,,,,,,,,,,,,,,,,,
Website Build Services,,,,,,,,,Google Ads Campaign Management,,,,keyword,Negative Phrase,,,,,,,,,,,,,,,,,,,,,,,,,,,,,,,,,,,,,,,,,,,,,,
Website Build Services,,,,,,,,,Google Ads Campaign Management,,,,keywords,Negative Phrase,,,,,,,,,,,,,,,,,,,,,,,,,,,,,,,,,,,,,,,,,,,,,,
Website Build Services,,,,,,,,,Google Ads Campaign Management,,,,listing,Negative Phrase,,,,,,,,,,,,,,,,,,,,,,,,,,,,,,,,,,,,,,,,,,,,,,
Website Build Services,,,,,,,,,Google Ads Campaign Management,,,,loading,Negative Phrase,,,,,,,,,,,,,,,,,,,,,,,,,,,,,,,,,,,,,,,,,,,,,,
Website Build Services,,,,,,,,,Google Ads Campaign Management,,,,localized,Negative Phrase,,,,,,,,,,,,,,,,,,,,,,,,,,,,,,,,,,,,,,,,,,,,,,
Website Build Services,,,,,,,,,Google Ads Campaign Management,,,,locations,Negative Phrase,,,,,,,,,,,,,,,,,,,,,,,,,,,,,,,,,,,,,,,,,,,,,,
Website Build Services,,,,,,,,,Google Ads Campaign Management,,,,maker,Negative Phrase,,,,,,,,,,,,,,,,,,,,,,,,,,,,,,,,,,,,,,,,,,,,,,
Website Build Services,,,,,,,,,Google Ads Campaign Management,,,,making,Negative Phrase,,,,,,,,,,,,,,,,,,,,,,,,,,,,,,,,,,,,,,,,,,,,,,
Website Build Services,,,,,,,,,Google Ads Campaign Management,,,,much,Negative Phrase,,,,,,,,,,,,,,,,,,,,,,,,,,,,,,,,,,,,,,,,,,,,,,
Website Build Services,,,,,,,,,Google Ads Campaign Management,,,,multiple,Negative Phrase,,,,,,,,,,,,,,,,,,,,,,,,,,,,,,,,,,,,,,,,,,,,,,
Website Build Services,,,,,,,,,Google Ads Campaign Management,,,,online,Negative Phrase,,,,,,,,,,,,,,,,,,,,,,,,,,,,,,,,,,,,,,,,,,,,,,
Website Build Services,,,,,,,,,Google Ads Campaign Management,,,,optimisation,Negative Phrase,,,,,,,,,,,,,,,,,,,,,,,,,,,,,,,,,,,,,,,,,,,,,,
Website Build Services,,,,,,,,,Google Ads Campaign Management,,,,optimization,Negative Phrase,,,,,,,,,,,,,,,,,,,,,,,,,,,,,,,,,,,,,,,,,,,,,,
Website Build Services,,,,,,,,,Google Ads Campaign Management,,,,page,Negative Phrase,,,,,,,,,,,,,,,,,,,,,,,,,,,,,,,,,,,,,,,,,,,,,,
Website Build Services,,,,,,,,,Google Ads Campaign Management,,,,plugins,Negative Phrase,,,,,,,,,,,,,,,,,,,,,,,,,,,,,,,,,,,,,,,,,,,,,,
Website Build Services,,,,,,,,,Google Ads Campaign Management,,,,plumbers,Negative Phrase,,,,,,,,,,,,,,,,,,,,,,,,,,,,,,,,,,,,,,,,,,,,,,
Website Build Services,,,,,,,,,Google Ads Campaign Management,,,,rank,Negative Phrase,,,,,,,,,,,,,,,,,,,,,,,,,,,,,,,,,,,,,,,,,,,,,,
Website Build Services,,,,,,,,,Google Ads Campaign Management,,,,ranking,Negative Phrase,,,,,,,,,,,,,,,,,,,,,,,,,,,,,,,,,,,,,,,,,,,,,,
Website Build Services,,,,,,,,,Google Ads Campaign Management,,,,rated,Negative Phrase,,,,,,,,,,,,,,,,,,,,,,,,,,,,,,,,,,,,,,,,,,,,,,
Website Build Services,,,,,,,,,Google Ads Campaign Management,,,,real,Negative Phrase,,,,,,,,,,,,,,,,,,,,,,,,,,,,,,,,,,,,,,,,,,,,,,
Website Build Services,,,,,,,,,Google Ads Campaign Management,,,,search,Negative Phrase,,,,,,,,,,,,,,,,,,,,,,,,,,,,,,,,,,,,,,,,,,,,,,
Website Build Services,,,,,,,,,Google Ads Campaign Management,,,,secure,Negative Phrase,,,,,,,,,,,,,,,,,,,,,,,,,,,,,,,,,,,,,,,,,,,,,,
Website Build Services,,,,,,,,,Google Ads Campaign Management,,,,serp,Negative Phrase,,,,,,,,,,,,,,,,,,,,,,,,,,,,,,,,,,,,,,,,,,,,,,
Website Build Services,,,,,,,,,Google Ads Campaign Management,,,,shop,Negative Phrase,,,,,,,,,,,,,,,,,,,,,,,,,,,,,,,,,,,,,,,,,,,,,,
Website Build Services,,,,,,,,,Google Ads Campaign Management,,,,static,Negative Phrase,,,,,,,,,,,,,,,,,,,,,,,,,,,,,,,,,,,,,,,,,,,,,,
Website Build Services,,,,,,,,,Google Ads Campaign Management,,,,term,Negative Phrase,,,,,,,,,,,,,,,,,,,,,,,,,,,,,,,,,,,,,,,,,,,,,,
Website Build Services,,,,,,,,,Google Ads Campaign Management,,,,tool,Negative Phrase,,,,,,,,,,,,,,,,,,,,,,,,,,,,,,,,,,,,,,,,,,,,,,
Website Build Services,,,,,,,,,Google Ads Campaign Management,,,,tracker,Negative Phrase,,,,,,,,,,,,,,,,,,,,,,,,,,,,,,,,,,,,,,,,,,,,,,
Website Build Services,,,,,,,,,Google Ads Campaign Management,,,,wordpress,Negative Phrase,,,,,,,,,,,,,,,,,,,,,,,,,,,,,,,,,,,,,,,,,,,,,,
Website Build Services,,,,,,,,,Static Website Builds For Service Businesses,,,,,,,,,,,,Responsive search ad,Website Design Near You,1,Affordable Website Designers,1,Small Business Web Design,1,Real Estate Web Development,,Static Sites For Contractors,,"No WordPress, No Plugins",,"Fast Loading Sites, No Wait",,Custom Sites For Plumbers,,Web Design For Electricians,,Coffee Shop Web Design,,Get My Website Built Fast,3,Get Your Free Site Quote,,"Ten Minutes, We Do Rest",,"Six Builds, Six Answers",,Boca Web Design Agency,,"Static websites for service businesses, no WordPress plugins to hack or update.","Real answers to six build questions, not template guesswork or upsells.","You spend ten minutes, we build the rest of your fast, secure site.","Trusted by service businesses near you for fast, static site builds.",website-builder,,https://seoblogy.com/tools/website-builder/,Enabled,
Website Build Services,,,,,,,,,SEO Website Build Service,,,,,,,,,,,,Responsive search ad,Seo Website Company,1,Seo Web Company Near You,1,Seo Keyword Research Site,1,Seo Keyword Analysis Tool,,Website Optimization Near You,,Every Page Backed By Data,,Built For Your Trade Exactly,,Pages Built From Real Search,,Get Your Site Plan Today,3,Watch Your Keywords Chosen,,Start Your Keyword Research,,"One Research Run, Full Site",,"Ten Minutes, We Do The Rest",,See Your Seo Site Cost,,"Free Site Plan, No Guesswork",,Real keyword research builds every page. Get your seo site plan today.,No generic templates: pages mapped to your trade from real search data.,"See exactly which keywords get chosen, live, before you commit to a build.","Ten minutes of your time gets a complete, research-backed website plan!",seo-automation,,https://seoblogy.com/tools/seo-automation/,Enabled,
Website Build Services,,,,,,,,,Google Ads Campaign Management,,,,,,,,,,,,Responsive search ad,Google Ads Management Near You,1,Ppc Management Near Me,1,Google Ads For Small Business,1,"Google Advertising, Built Fast",,Get Your Free Campaign Build,3,Download A Real Campaign File,,Open Live Landing Pages Free,,One API Push To Your Account,,Google Ads Management Near Me,,Google Ads Management Services,,Google Ads Audience Manager,,Google Ads for Local Business,,Google Local Business,,Google Local Business Ad,,Google Advertising for Small,,"Google ads for small business, built from real search data. Start free today.","We build a page per ad group and deploy it free, not just ad copy.","See the full campaign file before you pay, no guessing on cost or fit.",Download a real build and open the live landing pages right now.,google-ads,builder,https://seoblogy.com/tools/google-ads-builder/,Enabled,
Website Build Services,,,,,,,,,,,,,,,,,30%,Web Design & Development,,,,,,,,,,,,,,,,,,,,,,,,,,,,,,,,,,,,,,,,,,IN_MARKET | observation | Direct match to website design intent
Website Build Services,,,,,,,,,,,,,,,,,30%,SEO & SEM Services,,,,,,,,,,,,,,,,,,,,,,,,,,,,,,,,,,,,,,,,,,IN_MARKET | observation | Direct match for SEO-driven website buyers
Website Build Services,,,,,,,,,,,,,,,,,30%,Advertising & Marketing Services,,,,,,,,,,,,,,,,,,,,,,,,,,,,,,,,,,,,,,,,,,IN_MARKET | observation | Matches PPC/Google Ads management intent
Website Build Services,,,,,,,,,,,,,,,,,15%,Web Hosting,,,,,,,,,,,,,,,,,,,,,,,,,,,,,,,,,,,,,,,,,,IN_MARKET | observation | Related web infrastructure buyers
Website Build Services,,,,,,,,,,,,,,,,,10%,Domain Registration,,,,,,,,,,,,,,,,,,,,,,,,,,,,,,,,,,,,,,,,,,IN_MARKET | observation | Adjacent website setup intent
Website Build Services,,,,,,,,,,,,,,,,,10%,Enterprise Software,,,,,,,,,,,,,,,,,,,,,,,,,,,,,,,,,,,,,,,,,,IN_MARKET | observation | Business software buyers overlap
Website Build Services,,,,,,,,,,,,,,,,,15%,Business Technology,,,,,,,,,,,,,,,,,,,,,,,,,,,,,,,,,,,,,,,,,,IN_MARKET | observation | Business owners investing in tech tools
Website Build Services,,,,,,,,,,,,,,,,,10%,CRM Solutions,,,,,,,,,,,,,,,,,,,,,,,,,,,,,,,,,,,,,,,,,,IN_MARKET | observation | Service-business software buyers overlap
Website Build Services,,,,,,,,,,,,,,,,,15%,Business Professionals,,,,,,,,,,,,,,,,,,,,,,,,,,,,,,,,,,,,,,,,,,AFFINITY | observation | Core decision-maker audience for B2B services
Website Build Services,,,,,,,,,,,,,,,,,10%,Technophiles,,,,,,,,,,,,,,,,,,,,,,,,,,,,,,,,,,,,,,,,,,AFFINITY | observation | Tech-savvy business owners interested in digital tools
Website Build Services,,,,,,,,,,,,,,,,,10%,Avid Investors,,,,,,,,,,,,,,,,,,,,,,,,,,,,,,,,,,,,,,,,,,"AFFINITY | observation | Higher income, growth-minded business owners"
Website Build Services,,,,,,,,,,,,,,,,,10%,Charitable Donors & Volunteers,,,,,,,,,,,,,,,,,,,,,,,,,,,,,,,,,,,,,,,,,,AFFINITY | observation | Local service business community engagement signal
Website Build Services,,,,,,,,,,,,,,,,,,IT & Technical Jobs,,Campaign negative,,,,,,,,,,,,,,,,,,,,,,,,,,,,,,,,,,,,,,,,"IN_MARKET | Job seekers, not buyers of services"
Website Build Services,,,,,,,,,,,,,,,,,,Technology Education,,Campaign negative,,,,,,,,,,,,,,,,,,,,,,,,,,,,,,,,,,,,,,,,"IN_MARKET | Students learning, not hiring agencies"
Website Build Services,,,,,,,,,,,,,,,,,,Internships,,Campaign negative,,,,,,,,,,,,,,,,,,,,,,,,,,,,,,,,,,,,,,,,IN_MARKET | Job/career seekers irrelevant to service
Website Build Services,,,,,,,,,,,,,,,,,,Resumes & Portfolios,,Campaign negative,,,,,,,,,,,,,,,,,,,,,,,,,,,,,,,,,,,,,,,,"IN_MARKET | Career-focused, not business owners"
Website Build Services,,,,,,,,,,,,,,,,,,Bargain Hunters,,Campaign negative,,,,,,,,,,,,,,,,,,,,,,,,,,,,,,,,,,,,,,,,AFFINITY | Low-budget shoppers unfit for premium service
Website Build Services,,,,,,,,,,,,,,,,,,Value Shoppers,,Campaign negative,,,,,,,,,,,,,,,,,,,,,,,,,,,,,,,,,,,,,,,,"AFFINITY | Price-sensitive, poor fit for custom builds"
Website Build Services,,,,,,,,,,,,,,,,,,Design Software,,Campaign negative,,,,,,,,,,,,,,,,,,,,,,,,,,,,,,,,,,,,,,,,"IN_MARKET | DIY software buyers, not service hirers"
