Campaign,Ad Group,Keyword,Criterion Type,Max CPC
Website Build Services,Static Website Builds For Service Businesses,business website design near me,Phrase,3560
Website Build Services,Static Website Builds For Service Businesses,best web design agencies near me,Phrase,943
Website Build Services,Static Website Builds For Service Businesses,best web design agency near me,Phrase,943
Website Build Services,Static Website Builds For Service Businesses,affordable website designers,Phrase,4056
Website Build Services,Static Website Builds For Service Businesses,near web development company,Phrase,287
Website Build Services,Static Website Builds For Service Businesses,small business web design near me,Phrase,1883
Website Build Services,Static Website Builds For Service Businesses,best website development company near me,Phrase,243
Website Build Services,Static Website Builds For Service Businesses,real estate website development company,Phrase,3278
Website Build Services,Static Website Builds For Service Businesses,real estate web development company,Phrase,3278
Website Build Services,Static Website Builds For Service Businesses,boca web agency,Phrase,3590
Website Build Services,Static Website Builds For Service Businesses,affordable web design agency,Phrase,3278
Website Build Services,Static Website Builds For Service Businesses,service business website design,Phrase,2982
Website Build Services,Static Website Builds For Service Businesses,business web design services,Phrase,2982
Website Build Services,Static Website Builds For Service Businesses,business website design services,Phrase,2982
Website Build Services,Static Website Builds For Service Businesses,coffee shop web design,Phrase,423
Website Build Services,Static Website Builds For Service Businesses,business website development company,Phrase,3278
Website Build Services,Static Website Builds For Service Businesses,website design and development company near me,Phrase,1285
Website Build Services,Static Website Builds For Service Businesses,professional web design agency,Phrase,2041
Website Build Services,Static Website Builds For Service Businesses,professional website design agency,Phrase,2041
Website Build Services,Static Website Builds For Service Businesses,electrical services website,Phrase,681
Website Build Services,Static Website Builds For Service Businesses,site development companies,Phrase,3278
Website Build Services,Static Website Builds For Service Businesses,static website design,Phrase,319
Website Build Services,Static Website Builds For Service Businesses,static web page design,Phrase,319
Website Build Services,Static Website Builds For Service Businesses,static page design,Phrase,319
Website Build Services,Static Website Builds For Service Businesses,online website development company,Phrase,328
Website Build Services,Static Website Builds For Service Businesses,website builder for small business,Phrase,5381
Website Build Services,Static Website Builds For Service Businesses,website creator for small business,Phrase,5381
Website Build Services,Static Website Builds For Service Businesses,website maker for small business,Phrase,5381
Website Build Services,Static Website Builds For Service Businesses,small business web builder,Phrase,5381
Website Build Services,Static Website Builds For Service Businesses,small business website designer near me,Phrase,6498
Website Build Services,Static Website Builds For Service Businesses,best it company website design,Phrase,382
Website Build Services,Static Website Builds For Service Businesses,contractor website services,Phrase,3997
Website Build Services,Static Website Builds For Service Businesses,top web design agencies,Phrase,1714
Website Build Services,Static Website Builds For Service Businesses,top website design agencies,Phrase,1714
Website Build Services,Static Website Builds For Service Businesses,top rated web design agency,Phrase,1714
Website Build Services,Static Website Builds For Service Businesses,small business website design near me,Phrase,4799
Website Build Services,Static Website Builds For Service Businesses,phoenix web design agency,Phrase,341
Website Build Services,Static Website Builds For Service Businesses,website making company near me,Phrase,956
Website Build Services,Static Website Builds For Service Businesses,business website development services,Phrase,1361
Website Build Services,Static Website Builds For Service Businesses,best corporate web design,Phrase,712
Website Build Services,Static Website Builds For Service Businesses,static website builder for contractors,Phrase,2041
Website Build Services,Static Website Builds For Service Businesses,hire website designer for small business,Phrase,2041
Website Build Services,Static Website Builds For Service Businesses,website design quote for service business,Phrase,2041
Website Build Services,Static Website Builds For Service Businesses,cost to build a business website,Phrase,2041
Website Build Services,Static Website Builds For Service Businesses,custom website for plumbers,Phrase,2041
Website Build Services,Static Website Builds For Service Businesses,website design company for electricians,Phrase,2041
Website Build Services,Static Website Builds For Service Businesses,fast loading website for small business,Phrase,2041
Website Build Services,Static Website Builds For Service Businesses,secure website no wordpress plugins,Phrase,2041
Website Build Services,Static Website Builds For Service Businesses,small business website design cost,Phrase,2041
Website Build Services,SEO Website Build Service,seo keyword tracker,Phrase,1741
Website Build Services,SEO Website Build Service,bright local serp,Phrase,112
Website Build Services,SEO Website Build Service,seo web company,Phrase,11303
Website Build Services,SEO Website Build Service,seo website company,Phrase,11303
Website Build Services,SEO Website Build Service,google local rank tracker,Phrase,3278
Website Build Services,SEO Website Build Service,seo keyword research,Phrase,961
Website Build Services,SEO Website Build Service,seo keyword analysis,Phrase,961
Website Build Services,SEO Website Build Service,search engine optimization keyword research,Phrase,961
Website Build Services,SEO Website Build Service,research keywords seo,Phrase,961
Website Build Services,SEO Website Build Service,search engine optimization keyword analysis,Phrase,961
Website Build Services,SEO Website Build Service,seo for web developers,Phrase,667
Website Build Services,SEO Website Build Service,web developer and seo,Phrase,667
Website Build Services,SEO Website Build Service,seo keyword competition analysis,Phrase,3268
Website Build Services,SEO Website Build Service,website optimization near me,Phrase,7192
Website Build Services,SEO Website Build Service,seo keyword tool,Phrase,1084
Website Build Services,SEO Website Build Service,search engine optimization keyword tool,Phrase,1084
Website Build Services,SEO Website Build Service,local seo optimisation,Phrase,1526
Website Build Services,SEO Website Build Service,local keyword research,Phrase,1302
Website Build Services,SEO Website Build Service,local seo keyword research,Phrase,1458
Website Build Services,SEO Website Build Service,local seo for multiple locations,Phrase,4723
Website Build Services,SEO Website Build Service,website seo near me,Phrase,4866
Website Build Services,SEO Website Build Service,website design and seo near me,Phrase,4900
Website Build Services,SEO Website Build Service,seo keyword search,Phrase,1022
Website Build Services,SEO Website Build Service,seo for multiple locations,Phrase,6386
Website Build Services,SEO Website Build Service,keyword research analysis,Phrase,836
Website Build Services,SEO Website Build Service,localized keyword research,Phrase,1302
Website Build Services,SEO Website Build Service,website directories seo,Phrase,2129
Website Build Services,SEO Website Build Service,seo design,Phrase,925
Website Build Services,SEO Website Build Service,seo research,Phrase,1715
Website Build Services,SEO Website Build Service,keyword services,Phrase,2625
Website Build Services,SEO Website Build Service,search term research,Phrase,1561
Website Build Services,SEO Website Build Service,business listing sites for seo,Phrase,382
Website Build Services,SEO Website Build Service,best website builder for seo,Phrase,3745
Website Build Services,SEO Website Build Service,best web builder for seo,Phrase,3745
Website Build Services,SEO Website Build Service,best site builder for seo,Phrase,3745
Website Build Services,SEO Website Build Service,local search websites,Phrase,1426
Website Build Services,SEO Website Build Service,local search sites,Phrase,1426
Website Build Services,SEO Website Build Service,website seo companies near me,Phrase,7755
Website Build Services,SEO Website Build Service,canterbury website design & seo,Phrase,3278
Website Build Services,SEO Website Build Service,keyword research and analysis for seo,Phrase,3278
Website Build Services,SEO Website Build Service,seo audit for small business website,Phrase,1561
Website Build Services,SEO Website Build Service,local seo package pricing,Phrase,1561
Website Build Services,SEO Website Build Service,seo content for service business website,Phrase,1561
Website Build Services,SEO Website Build Service,keyword research service quote,Phrase,1561
Website Build Services,SEO Website Build Service,how much does seo cost for small business,Phrase,1561
Website Build Services,SEO Website Build Service,seo friendly website builder pricing,Phrase,1561
Website Build Services,SEO Website Build Service,local business seo ranking service,Phrase,1561
Website Build Services,SEO Website Build Service,seo website build cost,Phrase,1561
Website Build Services,Google Ads Campaign Management,google ads management near me,Exact,5594
Website Build Services,Google Ads Campaign Management,ppc management near me,Exact,16390.0
Website Build Services,Google Ads Campaign Management,google ads management services near me,Exact,10650
Website Build Services,Google Ads Campaign Management,google ads audience manager,Exact,16390.0
Website Build Services,Google Ads Campaign Management,google ads for local business,Exact,13971
Website Build Services,Google Ads Campaign Management,google local business advertising,Exact,13971
Website Build Services,Google Ads Campaign Management,google local business ad,Exact,13971
Website Build Services,Google Ads Campaign Management,google ads for small business,Exact,16390.0
Website Build Services,Google Ads Campaign Management,google advertising for small business,Exact,16390.0
Website Build Services,Google Ads Campaign Management,google ads marketing agency near me,Exact,9493
Website Build Services,Google Ads Campaign Management,google local ads services,Exact,16390.0
Website Build Services,Google Ads Campaign Management,adword agency,Exact,7401
Website Build Services,Google Ads Campaign Management,adwords advertising agency,Exact,7401
Website Build Services,Google Ads Campaign Management,adwords agency,Exact,7401
Website Build Services,Google Ads Campaign Management,google ads admin,Exact,16390.0
Website Build Services,Google Ads Campaign Management,hvac google ads,Exact,3925
Website Build Services,Google Ads Campaign Management,google free advertising for small business,Exact,5421
Website Build Services,Google Ads Campaign Management,ppc research,Exact,3336
Website Build Services,Google Ads Campaign Management,google shopping ads management services,Exact,3278
Website Build Services,Google Ads Campaign Management,google ads management pricing,Exact,4794
Website Build Services,Google Ads Campaign Management,pay per click management near me,Exact,3278
Website Build Services,Google Ads Campaign Management,google ads management cost,Exact,5513
Website Build Services,Google Ads Campaign Management,google ads for pest control,Exact,3488
Website Build Services,Google Ads Campaign Management,enterprise ppc management,Exact,3278
Website Build Services,Google Ads Campaign Management,google ads budget management,Exact,3278
Website Build Services,Google Ads Campaign Management,ai ppc management,Exact,3995
Website Build Services,Google Ads Campaign Management,google ads management gold coast,Exact,3278
Website Build Services,Google Ads Campaign Management,dental google adwords agency,Exact,3278
Website Build Services,Google Ads Campaign Management,google ads management for lawyers,Exact,3278
Website Build Services,Google Ads Campaign Management,hvac ppc management,Exact,3278
Website Build Services,Google Ads Campaign Management,global google ads agency,Exact,3278
Website Build Services,Google Ads Campaign Management,top google ads agency,Exact,14684
Website Build Services,Google Ads Campaign Management,google shopping management agency,Exact,11960
Website Build Services,Google Ads Campaign Management,google ads management for small business,Exact,3545
Website Build Services,Google Ads Campaign Management,phoenix ppc management,Exact,3278
Website Build Services,Google Ads Campaign Management,ppc management service,Exact,10539
Website Build Services,Google Ads Campaign Management,ppc ads services,Exact,7597
Website Build Services,Google Ads Campaign Management,ppc advertising services,Exact,7597
Website Build Services,Google Ads Campaign Management,google ads management services,Exact,8705
Website Build Services,Google Ads Campaign Management,google advertising manager,Exact,16390.0
Website Build Services,Google Ads Campaign Management,google ads management pricing packages,Phrase,7401
Website Build Services,Google Ads Campaign Management,hire google ads expert,Phrase,7401
Website Build Services,Google Ads Campaign Management,ppc management quote,Phrase,7401
Website Build Services,Google Ads Campaign Management,google ads agency for small business near me,Phrase,7401
Website Build Services,Google Ads Campaign Management,google ads audit service,Phrase,7401
Website Build Services,Google Ads Campaign Management,google ads setup and management cost,Phrase,7401
Website Build Services,Google Ads Campaign Management,best ppc agency for local business,Phrase,7401
Website Build Services,Google Ads Campaign Management,monthly google ads management fee,Phrase,7401
