keyword,volume,kd,cpc_low,cpc_high,funnel,intent,trend,peak_months,ai_overview_prone,flags
washing machine repair dubai,2900,71,1034.0,4080.25,BOFU,transactional,STABLE,Aug/Sep/Oct/Dec/Jan/Apr/May/Jun,False,
fix washing machine dubai,2900,71,1034.0,4080.25,BOFU,transactional,STABLE,Aug/Sep/Oct/Dec/Jan/Apr/May/Jun,False,
washer dryer repair dubai,2900,71,1034.0,4080.25,BOFU,transactional,STABLE,Aug/Sep/Oct/Dec/Jan/Apr/May/Jun,False,
washing machine repair al qusais,260,48,973.44,2634.6,BOFU,transactional,DECLINING,Jul/Aug,False,
washing machine repair dubai near me,210,82,973.44,3248.51,BOFU,transactional,STABLE,Aug/Dec/Jan/Apr,False,local
washing machine repair silicon oasis,170,53,1029.28,3605.33,BOFU,transactional,GROWING,Feb/Mar,False,
lg washing machine repair dubai,170,66,915.18,3529.42,BOFU,transactional,GROWING,Apr,False,
washer maintenance near me,170,77,711.46,2946.93,BOFU,transactional,STABLE,Jul/Aug/Sep/Oct/Dec/Feb/Mar/Apr/May/Jun,False,local
siemens washing machine repair dubai,140,68,753.72,3028.87,BOFU,transactional,GROWING,Apr,False,
washing machine repair dubai marina,140,59,1225.31,3277.9,BOFU,transactional,DECLINING,Jul/Aug/Jan,False,
washing machine repair al warqa,110,48,1067.38,3270.57,BOFU,transactional,SEASONAL,Jul/Aug/May/Jun,False,
samsung washing machine repair dubai,110,69,780.65,3346.06,BOFU,transactional,SEASONAL,Apr/May/Jun,False,
bosch washing machine repair dubai,90,67,695.31,2650.26,BOFU,transactional,GROWING,Apr,False,
washing machine repair in palm jumeirah,90,9,0.0,0.0,BOFU,transactional,SEASONAL,Nov,False,
washer machine maintenance,90,78,872.14,4164.58,BOFU,transactional,STABLE,Jul,False,
washing machine maintenance,90,78,872.14,4164.58,BOFU,transactional,STABLE,Jul,False,
washer maintenance,90,78,872.14,4164.58,BOFU,transactional,STABLE,Jul,False,
laundry machine maintenance,90,78,872.14,4164.58,BOFU,transactional,STABLE,Jul,False,
clothes washer maintenance,90,78,872.14,4164.58,BOFU,transactional,STABLE,Jul,False,
maintenance wash washing machine,90,78,872.14,4164.58,BOFU,transactional,STABLE,Jul,False,
maintain washing machine,90,78,872.14,4164.58,MOFU,commercial,STABLE,Jul,False,
washing machine repair bur dubai,70,47,973.44,2650.65,BOFU,transactional,SEASONAL,Jun,False,
washing machine repair jlt,70,53,752.31,1347.64,BOFU,transactional,SEASONAL,Dec,False,
washing machine not spinning,70,68,567.91,2018.09,MOFU,commercial,STABLE,Jan,False,
washer not spinning,70,68,567.91,2018.09,MOFU,commercial,STABLE,Jan,False,
washing machine will not spin,70,68,567.91,2018.09,MOFU,commercial,STABLE,Jan,False,
washer will not spin,70,68,567.91,2018.09,MOFU,commercial,STABLE,Jan,False,
washing machine does not spin,70,68,567.91,2018.09,MOFU,commercial,STABLE,Jan,False,
laundry machine not spinning,70,68,567.91,2018.09,MOFU,commercial,STABLE,Jan,False,
washing machine not rotating,70,68,567.91,2018.09,MOFU,commercial,STABLE,Jan,False,
clothes washer not spinning,70,68,567.91,2018.09,MOFU,commercial,STABLE,Jan,False,
washing machine no spin,70,68,567.91,2018.09,MOFU,commercial,STABLE,Jan,False,
clothes washer will not spin,70,68,567.91,2018.09,MOFU,commercial,STABLE,Jan,False,
washing machine not rinse and spin,70,68,567.91,2018.09,MOFU,commercial,STABLE,Jan,False,
washing machine not spinning clothes,70,68,567.91,2018.09,MOFU,commercial,STABLE,Jan,False,
washing not spinning,70,68,567.91,2018.09,MOFU,commercial,STABLE,Jan,False,
dryer repair dubai,70,59,620.63,2706.7,BOFU,transactional,DECLINING,Aug,False,
washing machine service dubai,50,88,973.44,3683.0,BOFU,transactional,SEASONAL,Jun,False,
washing machine maintenance service,40,67,973.44,3672.0,BOFU,transactional,GROWING,Feb/Mar,False,
washing machine repair al barsha,40,79,1655.03,3444.74,BOFU,transactional,GROWING,Jan,False,
washing machine repair karama,40,66,1221.82,3143.92,BOFU,transactional,SEASONAL,Dec,False,
washing machine drum not spinning,30,75,457.38,2025.39,MOFU,commercial,STABLE,Aug/Oct/Nov/Dec/Jan/Mar/May,False,
washer drum not spinning,30,75,457.38,2025.39,MOFU,commercial,STABLE,Aug/Oct/Nov/Dec/Jan/Mar/May,False,
washer drum not moving,30,75,457.38,2025.39,MOFU,commercial,STABLE,Aug/Oct/Nov/Dec/Jan/Mar/May,False,
washer drum not turning,30,75,457.38,2025.39,MOFU,commercial,STABLE,Aug/Oct/Nov/Dec/Jan/Mar/May,False,
washing machine drum not moving,30,75,457.38,2025.39,MOFU,commercial,STABLE,Aug/Oct/Nov/Dec/Jan/Mar/May,False,
washing machine drum will not turn,30,75,457.38,2025.39,MOFU,commercial,STABLE,Aug/Oct/Nov/Dec/Jan/Mar/May,False,
washing machine tub not spinning,30,75,457.38,2025.39,MOFU,commercial,STABLE,Aug/Oct/Nov/Dec/Jan/Mar/May,False,
washing machine bearing replacement cost,20,65,295.32,2813.15,BOFU,transactional,GROWING,Jan,False,
washing machine spinner not working,20,66,580.01,1817.68,MOFU,commercial,GROWING,Jul/Oct/Nov/Dec/Jan/Feb/Mar/Apr/May/Jun,False,
spin is not working on washing machine,20,66,580.01,1817.68,MOFU,commercial,GROWING,Jul/Oct/Nov/Dec/Jan/Feb/Mar/Apr/May/Jun,True,voice
washer spin not working,20,66,580.01,1817.68,MOFU,commercial,GROWING,Jul/Oct/Nov/Dec/Jan/Feb/Mar/Apr/May/Jun,False,
washing machine drum repair cost,20,76,580.79,2615.28,BOFU,transactional,STABLE,Aug/Sep/Oct/Mar/May/Jun,False,
cost to fix washing machine drum,20,76,580.79,2615.28,BOFU,transactional,STABLE,Aug/Sep/Oct/Mar/May/Jun,False,
samsung washer maintenance,20,89,778.47,4111.09,BOFU,transactional,GROWING,Oct/Jan/May,False,
samsung washing machine maintenance,20,89,778.47,4111.09,BOFU,transactional,GROWING,Oct/Jan/May,False,
lg washing machine service dubai,20,96,1514.43,4237.23,BOFU,transactional,GROWING,Jan/Apr,False,
my washer won t spin,20,73,362.7,1250.58,MOFU,commercial,STABLE,Aug/Oct/Nov/Jan/Feb/Mar,False,
my washing machine won t spin,20,73,362.7,1250.58,MOFU,commercial,STABLE,Aug/Oct/Nov/Jan/Feb/Mar,False,
my clothes washer won t spin,20,73,362.7,1250.58,MOFU,commercial,STABLE,Aug/Oct/Nov/Jan/Feb/Mar,False,
my washer does not spin,20,73,362.7,1250.58,MOFU,commercial,STABLE,Aug/Oct/Nov/Jan/Feb/Mar,False,
my washing won t spin,20,73,362.7,1250.58,MOFU,commercial,STABLE,Aug/Oct/Nov/Jan/Feb/Mar,False,
maintenance lg washing machine,20,84,695.31,3015.83,BOFU,transactional,SEASONAL,Oct/Feb,False,
lg washer maintenance,20,84,695.31,3015.83,BOFU,transactional,SEASONAL,Oct/Feb,False,
washing machine repair satwa,20,100,1475.12,2853.05,BOFU,transactional,SEASONAL,Nov/Mar,False,
washing machine repair deira dubai,20,17,0.0,0.0,BOFU,transactional,DECLINING,Jul,False,
washing machine maintenance service near me,10,23,0.0,0.0,BOFU,transactional,GROWING,May,False,local
whirlpool washing machine repair dubai,10,16,0.0,0.0,BOFU,transactional,GROWING,Apr,False,
samsung washing machine not rotating,10,4,0.0,0.0,MOFU,commercial,GROWING,Jul/Dec/Jan/Feb/Apr/Jun,False,
siemens washing machine repair near me,10,8,0.0,0.0,BOFU,transactional,SEASONAL,Jan,False,local
midea washing machine spin not working,10,5,0.0,0.0,MOFU,commercial,GROWING,Sep/Oct/Nov/Feb/Apr/Jun,False,
teka washing machine repair dubai,10,22,0.0,0.0,BOFU,transactional,GROWING,Apr,False,
top load washing machine drum not spinning,10,10,0.0,0.0,MOFU,commercial,GROWING,Aug/Sep/Oct/Nov/Dec/Jan/Feb/Mar/Apr/May/Jun,False,
samsung washing machine stopped spinning,10,0,0.0,0.0,MOFU,commercial,GROWING,Sep/Nov/May/Jun,False,
samsung washing machine wont start,10,0,0.0,0.0,MOFU,commercial,GROWING,Jul/Nov/Feb/May/Jun,False,
slow spin washing machine,10,0,0.0,0.0,MOFU,commercial,GROWING,Aug/Oct/Nov/Dec/Jan/Feb/Mar/Apr/May/Jun,False,
spin function washing machine,10,0,0.0,0.0,MOFU,commercial,GROWING,Jul/Aug/Oct/Nov/Dec/Jan/Feb/Mar/Apr/May/Jun,False,
washer machine off balance,10,0,0.0,0.0,MOFU,commercial,GROWING,Jul/Aug/Oct/Nov/Dec/Jan/Feb/Mar/Apr/May/Jun,False,
washer not drying,10,0,0.0,0.0,MOFU,commercial,GROWING,Aug/Oct/Nov/Dec/Jan/Mar/Apr/May/Jun,False,
washer spinning slow,10,0,0.0,0.0,MOFU,commercial,GROWING,Aug/Oct/Nov/Dec/Jan/Feb/Mar/Apr/May/Jun,False,
washing machine pcb repair cost,10,0,0.0,0.0,BOFU,transactional,STABLE,Jul/Aug/Sep/Oct/Nov/Dec/Jan/Feb/Mar/Apr/May/Jun,False,
washing machine repair service in dubai,10,13,0.0,0.0,BOFU,transactional,STABLE,Mar,False,
lg washer motor replacement cost,10,8,0.0,0.0,BOFU,transactional,SEASONAL,Oct/Dec/Mar/Apr/Jun,False,
washing machine not spinning how to fix,10,8,0.0,0.0,BOFU,transactional,SEASONAL,Aug/Dec/Mar/Jun,True,voice
samsung washing machine maintenance service,10,15,0.0,0.0,BOFU,transactional,STABLE,Jul/Aug/Sep/Oct/Nov/Dec/Jan/Feb/Mar/Apr/May/Jun,False,
twin tub washing machine spinner not working,10,17,0.0,0.0,MOFU,commercial,GROWING,Jul/Nov/Jan/Apr/Jun,False,
siemens washing machine drum not rotating,10,17,0.0,0.0,MOFU,commercial,GROWING,Sep/Nov/Dec/May/Jun,False,
washing machine spin motor not working,10,17,0.0,0.0,MOFU,commercial,GROWING,Aug/Jan/Apr/Jun,False,
best washing machine repair dubai,10,0,0.0,0.0,BOFU,transactional,SEASONAL,Apr,False,
washer spin cycle,10,2,0.0,0.0,MOFU,commercial,STABLE,Jul/Aug/Sep/Oct/Nov/Dec/Jan/Feb/Mar/Apr/May/Jun,False,
samsung washing machine drum replacement cost,10,19,0.0,0.0,BOFU,transactional,STABLE,Jul/Aug/Sep/Oct/Nov/Dec/Jan/Feb/Mar/Apr/May/Jun,False,
bosch washing machine drum replacement cost,10,34,0.0,0.0,BOFU,transactional,GROWING,Jul/Nov/Mar/Apr/Jun,False,
washing machine repair dubai al nahda,10,14,0.0,0.0,BOFU,transactional,SEASONAL,Jun,False,
washing machine repair cost,10,75,439.58,1899.54,BOFU,transactional,GROWING,Nov/Dec/Jan/Apr,False,
washer repair cost,10,75,439.58,1899.54,BOFU,transactional,GROWING,Nov/Dec/Jan/Apr,False,
washing machine repair price,10,75,439.58,1899.54,BOFU,transactional,GROWING,Nov/Dec/Jan/Apr,False,
cost to fix washing machine,10,75,439.58,1899.54,BOFU,transactional,GROWING,Nov/Dec/Jan/Apr,False,
washer repair price,10,75,439.58,1899.54,BOFU,transactional,GROWING,Nov/Dec/Jan/Apr,False,
washing machine drum problem,10,22,0.0,0.0,MOFU,commercial,GROWING,Jul/Sep/Oct/Nov/Dec/Jan/Feb/Mar/Apr/May/Jun,False,
best washing machine repair,10,17,0.0,0.0,BOFU,transactional,SEASONAL,Jul/Aug/Sep/Oct/Nov/Dec/Feb/Mar/Apr/May/Jun,False,
front load washing machine drum not rotating,10,8,0.0,0.0,MOFU,commercial,STABLE,Jul/Aug/Sep/Oct/Nov/Dec/Jan/Feb/Mar/Apr/May/Jun,False,
cost to repair washing machine bearings,10,0,0.0,0.0,BOFU,transactional,UNKNOWN,Jun,False,
washing machine repair technician near me,10,29,0.0,0.0,BOFU,transactional,SEASONAL,Jul/Aug/Sep/Oct/Nov/Jan/Feb/Mar/Apr/May/Jun,False,local
samsung washing machine drum not rotating,10,10,0.0,0.0,MOFU,commercial,STABLE,Jul/Aug/Sep/Oct/Nov/Dec/Jan/Feb/Mar/Apr/May/Jun,False,
if washing machine is not spinning,10,26,0.0,0.0,MOFU,commercial,GROWING,Aug/Sep/Oct/Nov/Dec/Jan/Apr/May/Jun,False,
whirlpool washer not spinning,10,0,0.0,0.0,MOFU,commercial,STABLE,Jul/Aug/Sep/Oct/Nov/Dec/Jan/Feb/Mar/Apr/May/Jun,False,
whirlpool washing machine not spinning,10,0,0.0,0.0,MOFU,commercial,STABLE,Jul/Aug/Sep/Oct/Nov/Dec/Jan/Feb/Mar/Apr/May/Jun,False,
whirlpool washer will not spin,10,0,0.0,0.0,MOFU,commercial,STABLE,Jul/Aug/Sep/Oct/Nov/Dec/Jan/Feb/Mar/Apr/May/Jun,False,
whirlpool washer does not spin,10,0,0.0,0.0,MOFU,commercial,STABLE,Jul/Aug/Sep/Oct/Nov/Dec/Jan/Feb/Mar/Apr/May/Jun,False,
whirlpool washing machine does not spin,10,0,0.0,0.0,MOFU,commercial,STABLE,Jul/Aug/Sep/Oct/Nov/Dec/Jan/Feb/Mar/Apr/May/Jun,False,
washing machine drum not rotating,10,54,649.33,1514.39,MOFU,commercial,STABLE,Jul/Aug/Sep/Oct/Nov/Dec/Jan/Feb/Mar/Apr/May/Jun,False,
ariston washing machine not spinning,10,30,0.0,0.0,MOFU,commercial,GROWING,Jul/Sep/Oct/Nov/Jan/Apr/May/Jun,False,
bosch series 4 washing machine not spinning,10,0,0.0,0.0,MOFU,commercial,GROWING,Aug/Jan/Apr/May,False,
hoover machine not spinning,10,0,0.0,0.0,MOFU,commercial,GROWING,Jul/Jan/Apr/May,False,
samsung eco bubble washing machine not spinning,10,0,0.0,0.0,MOFU,commercial,GROWING,Sep/Oct/Nov/Dec/Mar/Apr/May,False,
samsung top load washer problems,10,8,0.0,0.0,MOFU,commercial,SEASONAL,Jan/Feb/Mar/Jun,False,
indesit washing machine not spinning,10,8,0.0,0.0,MOFU,commercial,SEASONAL,Aug/Sep/Oct/Nov/Dec/Jan/Feb/Mar/May/Jun,False,
samsung washer doesn t spin,10,8,0.0,0.0,MOFU,commercial,SEASONAL,Aug/Oct/Nov/Dec/Jan/Jun,False,
samsung washing machine drum not turning,10,8,0.0,0.0,MOFU,commercial,SEASONAL,Jan/Feb/May/Jun,False,
hisense washing machine not spinning,10,8,0.0,0.0,MOFU,commercial,SEASONAL,Jul/Aug/Sep/Oct/Nov/Dec/Jan/Feb/Apr/May/Jun,False,
samsung washing machine doesn t spin,10,8,0.0,0.0,MOFU,commercial,SEASONAL,Aug/Oct/Nov/Dec/Jan/Jun,False,
samsung washer drum not turning,10,8,0.0,0.0,MOFU,commercial,SEASONAL,Jan/Feb/May/Jun,False,
front load washing machine spin cycle not working,10,8,0.0,0.0,MOFU,commercial,SEASONAL,Oct/Nov/Jun,False,
indesit washer not spinning,10,8,0.0,0.0,MOFU,commercial,SEASONAL,Aug/Sep/Oct/Nov/Dec/Jan/Feb/Mar/May/Jun,False,
indesit washing machine will not spin,10,8,0.0,0.0,MOFU,commercial,SEASONAL,Aug/Sep/Oct/Nov/Dec/Jan/Feb/Mar/May/Jun,False,
samsung washer doesnt spin,10,8,0.0,0.0,MOFU,commercial,SEASONAL,Aug/Oct/Nov/Dec/Jan/Jun,False,
washer draining but not spinning,10,8,0.0,0.0,MOFU,commercial,SEASONAL,Apr/May/Jun,False,
washing machine draining but not spinning,10,8,0.0,0.0,MOFU,commercial,SEASONAL,Apr/May/Jun,False,
candy washing machine maintenance,10,43,0.0,0.0,BOFU,transactional,GROWING,Aug/Sep/Oct/Nov/Dec/Jan/Feb/Mar/Apr/May/Jun,False,
zanussi washing machine maintenance,10,17,0.0,0.0,BOFU,transactional,UNKNOWN,Jun,False,
washing machine repair dubai al qusais,10,70,418.05,1175.14,BOFU,transactional,STABLE,Jan,False,
washer maintenance service near me,10,0,0.0,0.0,BOFU,transactional,UNKNOWN,Sep/Feb,False,local
samsung washing machine motherboard repair cost,10,26,0.0,0.0,BOFU,transactional,SEASONAL,Nov/Feb/Apr/Jun,False,
lg washing machine spin not working,10,17,0.0,0.0,MOFU,commercial,STABLE,Jul/Aug/Sep/Oct/Nov/Dec/Jan/Feb/Mar/Apr/May/Jun,False,
washer agitator not working,10,0,0.0,0.0,MOFU,commercial,SEASONAL,Dec/Feb/Mar/Jun,False,
washing machine agitator not working,10,0,0.0,0.0,MOFU,commercial,SEASONAL,Dec/Feb/Mar/Jun,False,
washing machine spinning but clothes still wet,10,0,0.0,0.0,MOFU,commercial,SEASONAL,Oct/Dec/Feb/May/Jun,False,
lg top load washing machine drum not rotating,10,0,0.0,0.0,MOFU,commercial,SEASONAL,Sep/Oct/Feb/Mar/May/Jun,False,
lg turbo drum not spinning,10,0,0.0,0.0,MOFU,commercial,SEASONAL,Jul/Feb/Mar/Jun,False,
samsung washer spin issues,10,0,0.0,0.0,MOFU,commercial,SEASONAL,Aug/Sep/Mar/May/Jun,False,
samsung washer spin problem,10,0,0.0,0.0,MOFU,commercial,SEASONAL,Aug/Sep/Mar/May/Jun,False,
samsung washing machine spin problem,10,0,0.0,0.0,MOFU,commercial,SEASONAL,Aug/Sep/Mar/May/Jun,False,
top load washer not spinning clothes dry,10,0,0.0,0.0,MOFU,commercial,SEASONAL,Jan/Apr/May/Jun,False,
washer spinning but clothes still wet,10,0,0.0,0.0,MOFU,commercial,SEASONAL,Oct/Dec/Feb/May/Jun,False,
washer spins but clothes are still wet,10,0,0.0,0.0,MOFU,commercial,SEASONAL,Oct/Dec/Feb/May/Jun,True,voice
washer spins but clothes still wet,10,0,0.0,0.0,MOFU,commercial,SEASONAL,Oct/Dec/Feb/May/Jun,False,
washing machine dryer not rotating,10,0,0.0,0.0,MOFU,commercial,SEASONAL,Nov/Jan/Feb/Apr/May/Jun,False,
washing machine not moving,10,0,0.0,0.0,MOFU,commercial,SEASONAL,Oct/Apr/Jun,False,
washing machine stop at rinse cycle,10,0,0.0,0.0,MOFU,commercial,SEASONAL,Aug/Feb/Mar/Apr/May/Jun,False,
washing machine seal replacement cost,10,69,98.4,1665.7,BOFU,transactional,SEASONAL,Jul/Aug/Sep/Oct/Dec/Jan/Feb/Mar/Apr/May/Jun,False,
bosch washing machine maintenance,10,34,0.0,0.0,BOFU,transactional,STABLE,Jul/Aug/Sep/Oct/Nov/Dec/Jan/Feb/Mar/Apr/May/Jun,False,
bosch washer maintenance,10,34,0.0,0.0,BOFU,transactional,STABLE,Jul/Aug/Sep/Oct/Nov/Dec/Jan/Feb/Mar/Apr/May/Jun,False,
automatic washing machine spin problem,10,8,0.0,0.0,MOFU,commercial,UNKNOWN,Dec/Jun,False,
automatic washing machine mechanic near me,10,26,0.0,0.0,BOFU,commercial,SEASONAL,Jul/Aug/Dec/Feb/Apr/May/Jun,False,local
cause of washing machine not spinning,10,16,0.0,0.0,MOFU,commercial,SEASONAL,Aug/Sep/Oct/Nov/Mar/Apr/May/Jun,False,
bompani washing machine repair dubai,10,0,0.0,0.0,BOFU,transactional,SEASONAL,Jul/Nov/Dec/Mar,False,
washing machine door lock repair cost,10,0,0.0,0.0,BOFU,transactional,SEASONAL,Jul/Sep/Oct/Nov/Dec/Jan/Feb/Mar/Apr/May,False,
lg washing machine pcb repair cost,10,0,0.0,0.0,BOFU,transactional,SEASONAL,Jul/Sep/Jan/Apr/May,False,
samsung washing machine door seal replacement cost,10,0,0.0,0.0,BOFU,transactional,SEASONAL,Jul/Aug/Jan/Mar/Apr/May,False,
lg washing machine repair cost,10,0,0.0,0.0,BOFU,transactional,SEASONAL,Oct/Nov/Jan/Mar,False,
washing machine door replacement cost,10,0,0.0,0.0,BOFU,transactional,SEASONAL,Oct/Mar/Apr,False,
washing machine valve replacement cost,10,0,0.0,0.0,BOFU,transactional,SEASONAL,Oct/Dec/Jan,False,
washing machine door seal replacement cost,10,0,0.0,0.0,BOFU,transactional,SEASONAL,Aug/Sep/Oct/Dec/Apr/May,False,
front load washing machine bearing replacement cost,10,0,0.0,0.0,BOFU,transactional,SEASONAL,Sep/Oct/May,False,
fix washing machine not spinning,10,0,0.0,0.0,BOFU,transactional,SEASONAL,Aug/Nov/Jan/Feb/Mar/Apr,False,
fix washer not spinning,10,0,0.0,0.0,BOFU,transactional,SEASONAL,Aug/Nov/Jan/Feb/Mar/Apr,False,
washing machine repair not spinning,10,0,0.0,0.0,BOFU,transactional,SEASONAL,Aug/Nov/Jan/Feb/Mar/Apr,False,
tumble dryer repair dubai,10,0,0.0,0.0,BOFU,transactional,SEASONAL,Aug/Sep/Nov/Dec/Jan/Mar/May,False,
lg washing machine maintenance service,10,0,0.0,0.0,BOFU,transactional,SEASONAL,Nov,False,
samsung washer dryer maintenance,10,0,0.0,0.0,BOFU,transactional,SEASONAL,Sep/Oct/Jan/May,False,
beko washing machine maintenance,10,0,0.0,0.0,BOFU,transactional,SEASONAL,Jul/Aug/Oct/Nov/Dec/Jan/Mar/Apr,False,
haier washing machine maintenance,10,0,0.0,0.0,BOFU,transactional,SEASONAL,Sep/Oct/Nov/Jan/Feb,False,
bosch washing machine drum not turning,10,17,0.0,0.0,MOFU,commercial,SEASONAL,Sep/Oct/Jan/Jun,False,
hoover washing machine drum not turning,10,17,0.0,0.0,MOFU,commercial,SEASONAL,Oct/Apr/Jun,False,
bosch washer drum not turning,10,17,0.0,0.0,MOFU,commercial,SEASONAL,Sep/Oct/Jan/Jun,False,
reason for washing machine not spinning,10,17,0.0,0.0,MOFU,commercial,SEASONAL,Jul/Aug/Oct/Dec/Jan/Feb/Mar/Apr/Jun,False,
washing machine rotation problem,10,17,0.0,0.0,MOFU,commercial,SEASONAL,Jul/Sep/Oct/Jan/Mar/Apr/Jun,False,
washer not spinning clothes dry,10,0,0.0,0.0,MOFU,commercial,UNKNOWN,Apr/Jun,False,
candy washing machine not spinning properly,10,0,0.0,0.0,MOFU,commercial,UNKNOWN,Jun,False,
defy laundromaid electrologic 1300 not spinning,10,0,0.0,0.0,MOFU,commercial,UNKNOWN,Jun,False,
lg automatic washing machine not draining,10,0,0.0,0.0,MOFU,commercial,UNKNOWN,Apr/Jun,False,
lg turbo drum not washing,10,0,0.0,0.0,MOFU,commercial,UNKNOWN,Jun,False,
panasonic automatic washing machine not spinning,10,0,0.0,0.0,MOFU,commercial,UNKNOWN,Dec/Jun,False,
samsung ecobubble drum not turning,10,0,0.0,0.0,MOFU,commercial,UNKNOWN,Oct/Jun,False,
samsung washing machine won t finish spin cycle,10,0,0.0,0.0,MOFU,commercial,UNKNOWN,Jun,False,
top agitator not working,10,0,0.0,0.0,MOFU,commercial,UNKNOWN,Jun,False,
top load washing machine spin cycle not working,10,0,0.0,0.0,MOFU,commercial,UNKNOWN,Mar/Jun,False,
wash machine not spinning clothes dry,10,0,0.0,0.0,MOFU,commercial,UNKNOWN,Apr/Jun,False,
washer does not spin clothes dry,10,0,0.0,0.0,MOFU,commercial,UNKNOWN,Apr/Jun,False,
washer moving during spin cycle,10,0,0.0,0.0,MOFU,commercial,UNKNOWN,Oct/Jun,False,
washer will not spin clothes dry,10,0,0.0,0.0,MOFU,commercial,UNKNOWN,Apr/Jun,False,
washing machine spinner loose,10,0,0.0,0.0,MOFU,commercial,UNKNOWN,May/Jun,False,
samsung washing machine spin not working,10,19,0.0,0.0,MOFU,commercial,SEASONAL,Jul/Aug/Sep/Oct/Nov/Jan/Feb/Mar/Apr/May/Jun,False,
samsung washer spin not working,10,19,0.0,0.0,MOFU,commercial,SEASONAL,Jul/Aug/Sep/Oct/Nov/Jan/Feb/Mar/Apr/May/Jun,False,
candy washing machine not spinning,10,20,0.0,0.0,MOFU,commercial,SEASONAL,Jul/Aug/Sep/Oct/Dec/Jan/Mar/Apr/May/Jun,False,
top load washing machine drum not rotating,10,80,300.61,533.47,MOFU,commercial,GROWING,Jul/Sep/Oct/Nov/Dec/Jan/Feb/Mar/Apr/May/Jun,False,
front load washing machine not spinning,10,26,0.0,0.0,MOFU,commercial,STABLE,Jul/Aug/Sep/Oct/Nov/Dec/Jan/Feb/Mar/Apr/May/Jun,False,
front load washer not spinning,10,26,0.0,0.0,MOFU,commercial,STABLE,Jul/Aug/Sep/Oct/Nov/Dec/Jan/Feb/Mar/Apr/May/Jun,False,
front load washer does not spin,10,26,0.0,0.0,MOFU,commercial,STABLE,Jul/Aug/Sep/Oct/Nov/Dec/Jan/Feb/Mar/Apr/May/Jun,False,
washing machine repair charges,10,92,302.28,704.97,BOFU,transactional,GROWING,Jul/Sep/Oct/Nov/Jan/Feb/Mar/Apr/May/Jun,False,
washing machine gasket replacement cost,10,92,120.77,1060.62,BOFU,transactional,GROWING,Aug/Nov/Dec/Jan/Feb/May/Jun,False,
washing machine drum not turning,10,22,0.0,0.0,MOFU,commercial,SEASONAL,Jul/Aug/Sep/Oct/Nov/Dec/Jan/Mar/Apr/May/Jun,False,
daewoo washing machine not spinning,10,22,0.0,0.0,MOFU,commercial,SEASONAL,Jul/Aug/Sep/Oct/Nov/Dec/Jan/Mar/Apr/May/Jun,False,
washer not rinsing properly,10,22,0.0,0.0,MOFU,commercial,SEASONAL,Sep/Nov/Dec/Jun,False,
lg washing machine drum replacement cost,10,40,0.0,0.0,BOFU,transactional,STABLE,Jul/Aug/Sep/Oct/Nov/Dec/Jan/Feb/Mar/Apr/May/Jun,False,
washing machine repair dubai al barsha,10,0,0.0,0.0,BOFU,transactional,UNKNOWN,Oct/Jan,False,
washing machine repair quote,10,0,0.0,0.0,BOFU,transactional,UNKNOWN,Oct,False,
hoover washing machine repair cost,10,0,0.0,0.0,BOFU,transactional,UNKNOWN,Jul/Aug,False,
samsung washing machine pcb repair cost,10,0,0.0,0.0,BOFU,transactional,UNKNOWN,Mar,False,
bosch washing machine repair cost,10,0,0.0,0.0,BOFU,transactional,UNKNOWN,Jul/Feb,False,
samsung washer motor replacement cost,10,0,0.0,0.0,BOFU,transactional,UNKNOWN,Aug/Nov,False,
washing machine clutch repair cost,10,0,0.0,0.0,BOFU,transactional,UNKNOWN,Sep,False,
bosch washing machine bearing replacement cost,10,0,0.0,0.0,BOFU,transactional,UNKNOWN,Jul,False,
washing machine drain pump replacement cost,10,0,0.0,0.0,BOFU,transactional,UNKNOWN,Sep,False,
washing machine timer repair cost,10,0,0.0,0.0,BOFU,transactional,UNKNOWN,Feb,False,
lg front load washer bearing replacement cost,10,0,0.0,0.0,BOFU,transactional,UNKNOWN,Dec,False,
washer gasket replacement cost,10,0,0.0,0.0,BOFU,transactional,UNKNOWN,Aug,False,
lg washing machine motherboard repair cost,10,0,0.0,0.0,BOFU,transactional,UNKNOWN,Jul/Apr,False,
indesit washing machine bearing replacement cost,10,0,0.0,0.0,BOFU,transactional,UNKNOWN,Jul,False,
washer drain pump replacement cost,10,0,0.0,0.0,BOFU,transactional,UNKNOWN,Oct/Mar,False,
whirlpool washing machine bearing replacement cost,10,0,0.0,0.0,BOFU,transactional,UNKNOWN,Jul,False,
washing machine door repair cost,10,0,0.0,0.0,BOFU,transactional,UNKNOWN,Apr,False,
washing machine panel repair cost,10,0,0.0,0.0,BOFU,transactional,UNKNOWN,Feb/Mar,False,
whirlpool washer motor replacement cost,10,0,0.0,0.0,BOFU,transactional,UNKNOWN,Dec,False,
lg washer drum replacement cost,10,0,0.0,0.0,BOFU,transactional,UNKNOWN,Jan/May,False,
samsung washer drum replacement cost,10,0,0.0,0.0,BOFU,transactional,UNKNOWN,Sep/Dec,False,
washer belt repair cost,10,0,0.0,0.0,BOFU,transactional,UNKNOWN,Apr,False,
washer clutch repair cost,10,0,0.0,0.0,BOFU,transactional,UNKNOWN,Sep,False,
washing machine belt repair cost,10,0,0.0,0.0,BOFU,transactional,UNKNOWN,Apr,False,
washing machine seal repair cost,10,0,0.0,0.0,BOFU,transactional,UNKNOWN,Dec,False,
washing machine water pump replacement cost,10,0,0.0,0.0,BOFU,transactional,UNKNOWN,Nov/Feb,False,
whirlpool washer bearing replacement cost,10,0,0.0,0.0,BOFU,transactional,UNKNOWN,Jul,False,
whirlpool washer drain pump replacement cost,10,0,0.0,0.0,BOFU,transactional,UNKNOWN,Jan/Mar,False,
fix washer spin cycle,10,0,0.0,0.0,BOFU,transactional,UNKNOWN,Apr,False,
fix a washer that won t spin,10,0,0.0,0.0,BOFU,transactional,UNKNOWN,Sep,False,
fix a washing machine that won t spin,10,0,0.0,0.0,BOFU,transactional,UNKNOWN,Sep,False,
fix spin cycle on washing machine,10,0,0.0,0.0,BOFU,transactional,UNKNOWN,Apr,False,
washing machine spin repair,10,0,0.0,0.0,BOFU,transactional,UNKNOWN,Mar,False,
washer maintenance service,10,0,0.0,0.0,BOFU,transactional,UNKNOWN,Jan,False,
beko maintenance wash,10,0,0.0,0.0,BOFU,transactional,UNKNOWN,Apr,False,
front loader maintenance,10,0,0.0,0.0,BOFU,transactional,UNKNOWN,Jul,False,
indesit maintenance wash,10,0,0.0,0.0,BOFU,transactional,UNKNOWN,Mar,False,
lg direct drive washing machine maintenance,10,0,0.0,0.0,BOFU,transactional,UNKNOWN,Aug,False,
samsung eco bubble maintenance,10,0,0.0,0.0,BOFU,transactional,UNKNOWN,Feb,False,
samsung ecobubble maintenance,10,0,0.0,0.0,BOFU,transactional,UNKNOWN,Jul,False,
top load washer maintenance,10,0,0.0,0.0,BOFU,transactional,UNKNOWN,Aug,False,
twin dos maintenance,10,0,0.0,0.0,BOFU,transactional,UNKNOWN,Mar/Apr,False,
washing machine regular maintenance,10,0,0.0,0.0,BOFU,transactional,UNKNOWN,Aug/Mar,False,
super general washing machine not spinning,10,69,470.23,1209.15,MOFU,commercial,STABLE,Dec,False,
hoover washing machine maintenance,10,81,1450.09,2743.78,BOFU,transactional,STABLE,Jul/Aug/Sep/Oct/Nov/Dec/Jan/Feb/Mar/Apr/May/Jun,False,
laundry machine won t spin,10,43,0.0,0.0,MOFU,commercial,GROWING,Aug/Sep/Dec/Jan/Feb/Mar/Apr/May/Jun,False,
samsung washing machine will not turn on,10,43,0.0,0.0,MOFU,commercial,GROWING,Jul/Oct/Dec/Jan/Mar/May/Jun,True,voice
washer that won t spin,10,43,0.0,0.0,MOFU,commercial,GROWING,Aug/Sep/Dec/Jan/Feb/Mar/Apr/May/Jun,False,
washing machine can t spin,10,43,0.0,0.0,MOFU,commercial,GROWING,Aug/Sep/Dec/Jan/Feb/Mar/Apr/May/Jun,False,
washing machine motor working but drum not spinning,10,43,0.0,0.0,MOFU,commercial,GROWING,Sep/Dec/Jan/Apr/Jun,False,
washing machine that won t spin,10,43,0.0,0.0,MOFU,commercial,GROWING,Aug/Sep/Dec/Jan/Feb/Mar/Apr/May/Jun,False,
samsung washer stops mid cycle,10,30,0.0,0.0,MOFU,commercial,STABLE,Jul/Aug/Sep/Oct/Nov/Dec/Jan/Feb/Mar/Apr/May/Jun,False,
panasonic washing machine maintenance,10,43,0.0,0.0,BOFU,transactional,STABLE,Jul/Aug/Sep/Oct/Nov/Dec/Jan/Feb/Mar/Apr/May/Jun,False,
washer mechanic near me,10,0,0.0,0.0,BOFU,commercial,UNKNOWN,Apr,False,local
washing mechanic near me,10,0,0.0,0.0,BOFU,commercial,UNKNOWN,Oct,False,local
washing machine stops mid cycle,10,31,0.0,0.0,MOFU,commercial,STABLE,Jul/Aug/Sep/Oct/Nov/Dec/Jan/Feb/Mar/Apr/May/Jun,False,
lg front load washer not spinning,10,26,0.0,0.0,MOFU,commercial,SEASONAL,Jan/Mar/Jun,False,
washer stops mid cycle,10,31,0.0,0.0,MOFU,commercial,STABLE,Jul/Aug/Sep/Oct/Nov/Dec/Jan/Feb/Mar/Apr/May/Jun,False,
my washing machine stopped working,10,26,0.0,0.0,MOFU,commercial,SEASONAL,Jul/Aug/Sep/Nov/Dec/Jan/Feb/Apr/May/Jun,False,
lg front load not spinning,10,26,0.0,0.0,MOFU,commercial,SEASONAL,Jan/Mar/Jun,False,
lg front load washing machine not spinning,10,26,0.0,0.0,MOFU,commercial,SEASONAL,Jan/Mar/Jun,False,
lg front loader washing machine not spinning,10,26,0.0,0.0,MOFU,commercial,SEASONAL,Jan/Mar/Jun,False,
lg turbo drum washing machine not draining,10,26,0.0,0.0,MOFU,commercial,SEASONAL,Jul/Nov/Feb/Jun,False,
washing machine drum hard to turn by hand,10,26,0.0,0.0,MOFU,commercial,SEASONAL,Jul/Dec/Jan/Jun,False,
cost of replacing drum bearings on washing machine,10,40,0.0,0.0,BOFU,transactional,SEASONAL,Jul/Aug/Oct/Nov/Jan/Feb/May/Jun,False,
washing machine overloaded now won t spin,10,0,0.0,0.0,MOFU,commercial,UNKNOWN,Dec,False,urgent
spin tub not working,10,23,0.0,0.0,MOFU,commercial,UNKNOWN,Jun,False,
washing machine sensor not working,10,47,0.0,0.0,MOFU,commercial,GROWING,Jul/Sep/Oct/Nov/Dec/Jan/Mar/Apr/May/Jun,False,
daewoo washing machine dubai,10,0,0.0,0.0,MOFU,commercial,SEASONAL,Aug/Sep/Nov/Dec/Jan/Apr,False,
washing machine not spinning properly,10,0,0.0,0.0,MOFU,commercial,SEASONAL,Aug/Oct/Nov/Dec/Mar/May,False,
hotpoint washing machine not spinning,10,0,0.0,0.0,MOFU,commercial,SEASONAL,Aug/Nov/Dec,False,
hotpoint washer not spinning,10,0,0.0,0.0,MOFU,commercial,SEASONAL,Aug/Nov/Dec,False,
washing machine not draining completely,10,0,0.0,0.0,MOFU,commercial,SEASONAL,Oct/Nov/Feb,False,
samsung front load washer not spinning,10,0,0.0,0.0,MOFU,commercial,SEASONAL,Jul/Mar/May,False,
frigidaire washer not spinning,10,0,0.0,0.0,MOFU,commercial,SEASONAL,Jul/Nov/Jan,False,
frigidaire washing machine not spinning,10,0,0.0,0.0,MOFU,commercial,SEASONAL,Jul/Nov/Jan,False,
lg washing machine won t finish spin cycle,10,0,0.0,0.0,MOFU,commercial,SEASONAL,Oct/Nov/Jan,False,
samsung washer spin cycle not working,10,0,0.0,0.0,MOFU,commercial,SEASONAL,Oct/Nov/Dec/Jan/Mar/Apr,False,
portable washing machine not working,10,0,0.0,0.0,MOFU,commercial,SEASONAL,Nov/Jan/Mar,False,
samsung washing machine spin cycle not working,10,0,0.0,0.0,MOFU,commercial,SEASONAL,Oct/Nov/Dec/Jan/Mar/Apr,False,
haier washing machine not spinning,10,0,0.0,0.0,MOFU,commercial,SEASONAL,Jul/Sep/Oct/Dec/Jan/Mar/Apr/May,False,
lg washer drum not spinning,10,0,0.0,0.0,MOFU,commercial,SEASONAL,Sep/Nov/Dec/Mar/Apr,False,
lg washer doesn t spin,10,0,0.0,0.0,MOFU,commercial,SEASONAL,Aug/Nov/Dec/Jan,False,
washer not spinning properly,10,0,0.0,0.0,MOFU,commercial,SEASONAL,Aug/Oct/Nov/Dec/Mar/May,False,
whirlpool cabrio washer won t spin,10,0,0.0,0.0,MOFU,commercial,SEASONAL,Sep/Apr/May,False,
whirlpool washer drum not spinning,10,0,0.0,0.0,MOFU,commercial,SEASONAL,Jul/Nov/Jan,False,
semi automatic washing machine spinner not working,10,0,0.0,0.0,MOFU,commercial,SEASONAL,Sep/Oct/Nov/Dec/Jan/Feb/Mar/Apr,False,
midea washing machine not spinning,10,0,0.0,0.0,MOFU,commercial,SEASONAL,Jul/Sep/Nov/Dec/Jan/Feb/Apr/May,False,
beko washing machine spin not working,10,0,0.0,0.0,MOFU,commercial,SEASONAL,Nov/Dec/Jan,False,
bosch washer spin cycle not working,10,0,0.0,0.0,MOFU,commercial,SEASONAL,Dec/Jan/Feb,False,
bosch washing machine not spinning properly,10,0,0.0,0.0,MOFU,commercial,SEASONAL,Dec/Jan/Feb,False,
bosch washing machine spin cycle not working,10,0,0.0,0.0,MOFU,commercial,SEASONAL,Dec/Jan/Feb,False,
bosch washing machine spin cycle problem,10,0,0.0,0.0,MOFU,commercial,SEASONAL,Dec/Jan/Feb,False,
bosch washing machine spin not working,10,0,0.0,0.0,MOFU,commercial,SEASONAL,Aug/Sep/Nov/Dec/Jan,False,
candy washing machine not spinning fast,10,0,0.0,0.0,MOFU,commercial,SEASONAL,Oct/Dec/Apr,False,
clothes still wet after spin cycle,10,0,0.0,0.0,MOFU,commercial,SEASONAL,Jul/Nov/Dec,False,
electrolux washing machine spin cycle not working,10,0,0.0,0.0,MOFU,commercial,SEASONAL,Nov/Dec/Apr,False,
frigidaire washer does not spin,10,0,0.0,0.0,MOFU,commercial,SEASONAL,Jul/Nov/Jan,False,
frigidaire washer will not spin,10,0,0.0,0.0,MOFU,commercial,SEASONAL,Jul/Nov/Jan,False,
frigidaire washing machine will not spin,10,0,0.0,0.0,MOFU,commercial,SEASONAL,Jul/Nov/Jan,False,
front load washer will not spin,10,0,0.0,0.0,MOFU,commercial,SEASONAL,Dec/Mar/Apr,False,
front load washing machine won t spin,10,0,0.0,0.0,MOFU,commercial,SEASONAL,Dec/Mar/Apr,False,
haier washing machine won t spin,10,0,0.0,0.0,MOFU,commercial,SEASONAL,Jul/Sep/Oct/Dec/Jan/Mar/Apr/May,False,
hitachi washing machine not spinning,10,0,0.0,0.0,MOFU,commercial,SEASONAL,Sep/Dec/Jan,False,
if a washing machine won t spin,10,0,0.0,0.0,MOFU,commercial,SEASONAL,Nov/Feb/Mar/Apr,False,
lg top load washer not spinning,10,0,0.0,0.0,MOFU,commercial,SEASONAL,Oct/Dec/May,False,
lg top load washing machine not spinning,10,0,0.0,0.0,MOFU,commercial,SEASONAL,Aug/Oct/Nov/Dec/Jan/Mar,False,
lg top loader washing machine not spinning,10,0,0.0,0.0,MOFU,commercial,SEASONAL,Oct/Dec/May,False,
lg washer not spinning properly,10,0,0.0,0.0,MOFU,commercial,SEASONAL,Sep/Nov/May,False,
lg washing machine cannot spin,10,0,0.0,0.0,MOFU,commercial,SEASONAL,Oct/Nov/Dec,False,
lg washing machine doesn t spin,10,0,0.0,0.0,MOFU,commercial,SEASONAL,Aug/Nov/Dec/Jan,False,
lg washing machine drum not spinning,10,0,0.0,0.0,MOFU,commercial,SEASONAL,Sep/Nov/Dec/Mar/Apr,False,
lg washing machine drum not turning,10,0,0.0,0.0,MOFU,commercial,SEASONAL,Jul/Jan/Apr,False,
lg washing machine dryer not spinning,10,0,0.0,0.0,MOFU,commercial,SEASONAL,Oct/Feb/Apr,False,
lg washing machine motor not working,10,0,0.0,0.0,MOFU,commercial,SEASONAL,Jul/Oct/Nov/Dec,False,
lg washing machine not rotating,10,0,0.0,0.0,MOFU,commercial,SEASONAL,Sep/Oct/Jan/Apr,False,
lg washing machine not spinning properly,10,0,0.0,0.0,MOFU,commercial,SEASONAL,Sep/Nov/May,False,
midea front load washing machine not spinning,10,0,0.0,0.0,MOFU,commercial,SEASONAL,Nov/Jan/May,False,
my washer machine doesn t spin,10,0,0.0,0.0,MOFU,commercial,SEASONAL,Jul/Nov/Dec/Mar,False,
my washer quit spinning,10,0,0.0,0.0,MOFU,commercial,SEASONAL,Aug/Dec/Jan/Feb/Mar,False,
no spin in washing machine means,10,0,0.0,0.0,MOFU,commercial,SEASONAL,Jul/Nov/Jan/Mar/May,False,
panasonic washing machine spin not working,10,0,0.0,0.0,MOFU,commercial,SEASONAL,Sep/Nov/Dec,False,
samsung digital inverter washing machine not spinning,10,0,0.0,0.0,MOFU,commercial,SEASONAL,Sep/Oct/Dec/May,False,
samsung ecobubble 8kg not spinning,10,0,0.0,0.0,MOFU,commercial,SEASONAL,Oct/Dec/Feb,False,
samsung front load washer will not spin,10,0,0.0,0.0,MOFU,commercial,SEASONAL,Jul/Mar/May,True,voice
samsung front load washing machine drum not rotating,10,0,0.0,0.0,MOFU,commercial,SEASONAL,Jul/Aug/Nov/Dec/Jan/Feb/Apr/May,False,
samsung front loader washing machine not spinning,10,0,0.0,0.0,MOFU,commercial,SEASONAL,Jul/Mar/May,False,
samsung top load not spinning,10,0,0.0,0.0,MOFU,commercial,SEASONAL,Jul/Dec/Jan,False,
samsung top load washing machine not working,10,0,0.0,0.0,MOFU,commercial,SEASONAL,Dec/Jan/Apr,False,
samsung top loader not spinning,10,0,0.0,0.0,MOFU,commercial,SEASONAL,Jul/Dec/Jan,False,
samsung washing machine drum not moving,10,0,0.0,0.0,MOFU,commercial,SEASONAL,Jul/Oct/Nov/Jan,False,
samsung washing machine not spin drying,10,0,0.0,0.0,MOFU,commercial,SEASONAL,Nov/Dec/Apr,False,
samsung washing machine stops at rinse cycle,10,0,0.0,0.0,MOFU,commercial,SEASONAL,Jul/Dec/Jan,False,
sharp washing machine not spinning,10,0,0.0,0.0,MOFU,commercial,SEASONAL,Oct/Nov/Feb,False,
slow spin cycle on washing machine,10,0,0.0,0.0,MOFU,commercial,SEASONAL,Aug/Apr/May,False,
top loader not spinning,10,0,0.0,0.0,MOFU,commercial,SEASONAL,Aug/Dec/May,False,
toshiba washing machine not spinning,10,0,0.0,0.0,MOFU,commercial,SEASONAL,Aug/Dec/May,False,
toshiba washing machine spin not working,10,0,0.0,0.0,MOFU,commercial,SEASONAL,Jul/Nov/Dec,False,
troubleshooting front load washer,10,0,0.0,0.0,MOFU,commercial,SEASONAL,Aug/Dec/May,False,
twin tub washing machine spin dryer not working,10,0,0.0,0.0,MOFU,commercial,SEASONAL,Oct/Nov/Feb,False,
washer drum doesn t spin,10,0,0.0,0.0,MOFU,commercial,SEASONAL,Nov/Dec/Jan/Feb/Apr,False,
washer humming but not spinning,10,0,0.0,0.0,MOFU,commercial,SEASONAL,Dec/Mar/Apr,False,
washer not completely draining,10,0,0.0,0.0,MOFU,commercial,SEASONAL,Oct/Nov/Feb,False,
washer not spinning correctly,10,0,0.0,0.0,MOFU,commercial,SEASONAL,Aug/Oct/Nov/Dec/Mar/May,False,
washing machine humming but not spinning,10,0,0.0,0.0,MOFU,commercial,SEASONAL,Dec/Mar/Apr,False,
washing machine not rotating properly,10,0,0.0,0.0,MOFU,commercial,SEASONAL,Sep/Oct/Nov/Jan,False,
washing machine not spinning correctly,10,0,0.0,0.0,MOFU,commercial,SEASONAL,Aug/Oct/Nov/Dec/Mar/May,False,
washing machine not turning,10,0,0.0,0.0,MOFU,commercial,SEASONAL,Sep/Oct/Nov/Dec/Feb/Apr,False,
washing machine not washing but spinning,10,0,0.0,0.0,MOFU,commercial,SEASONAL,Jul/Nov/Jan,False,
washing machine only spins,10,0,0.0,0.0,MOFU,commercial,SEASONAL,Jul/Mar/May,False,
washing machine spin dry not working,10,0,0.0,0.0,MOFU,commercial,SEASONAL,Jul/Sep/Oct/Nov/Dec/Jan/Feb/Mar/May,False,
washing machine tub not rotating,10,0,0.0,0.0,MOFU,commercial,SEASONAL,Aug/Oct/Dec/Apr,False,
washing machine wheel not spinning,10,0,0.0,0.0,MOFU,commercial,SEASONAL,Oct/Nov/May,False,
washing machine wobbles during spin cycle,10,0,0.0,0.0,MOFU,commercial,SEASONAL,Oct/Jan/Apr,False,
whirlpool washing machine drum not spinning,10,0,0.0,0.0,MOFU,commercial,SEASONAL,Jul/Nov/Jan,False,
lg washer drain pump replacement cost,10,43,0.0,0.0,BOFU,transactional,SEASONAL,Jan/Apr/Jun,False,
samsung washing machine bearing replacement cost,10,43,0.0,0.0,BOFU,transactional,SEASONAL,Jul/Aug/Sep/Oct/Nov/Dec/Jan/Mar/Apr/May/Jun,False,
samsung washing machine service centre dubai,10,47,0.0,0.0,BOFU,transactional,STABLE,Jul/Aug/Sep/Oct/Nov/Dec/Jan/Feb/Mar/Apr/May/Jun,False,
spin function in washing machine not working,10,26,0.0,0.0,MOFU,commercial,UNKNOWN,Feb/Jun,False,
washing machine technician dubai,10,90,1272.82,3714.45,MOFU,commercial,GROWING,Jul/Sep/Oct/Nov/Dec/Jan/Feb/Mar/Apr/May/Jun,False,
washing machine belt replacement cost,10,60,0.0,0.0,BOFU,transactional,GROWING,Aug/Sep/Oct/Nov/Jan/Feb/Mar/Apr/May/Jun,False,
washer belt replacement cost,10,60,0.0,0.0,BOFU,transactional,GROWING,Aug/Sep/Oct/Nov/Jan/Feb/Mar/Apr/May/Jun,False,
dryer machine repair dubai,10,60,0.0,0.0,BOFU,transactional,GROWING,Jul/Aug/Nov/Jan/Feb/Mar/Apr/May/Jun,False,
lg washing machine drum not rotating,10,38,0.0,0.0,MOFU,commercial,STABLE,Jul/Aug/Sep/Oct/Nov/Dec/Jan/Feb/Mar/Apr/May/Jun,False,
washer not drying clothes,10,78,617.81,1411.22,MOFU,commercial,STABLE,Jul/Aug/Sep/Oct/Nov/Dec/Jan/Feb/Mar/Apr/May/Jun,False,
lg turbo drum washing machine not spinning,10,34,0.0,0.0,MOFU,commercial,SEASONAL,Sep/Oct/Feb/Mar/Apr/May/Jun,False,
top load washing machine spin not working,10,34,0.0,0.0,MOFU,commercial,SEASONAL,Jul/Aug/Sep/Oct/Nov/Jan/Feb/Mar/Apr/May/Jun,False,
indesit washing machine drum not turning,10,52,0.0,0.0,MOFU,commercial,GROWING,Jul/Dec/Feb/Mar/May/Jun,False,
kenmore washer not spinning,10,0,0.0,0.0,MOFU,commercial,UNKNOWN,Aug,False,
washing machine drains but won t spin,10,0,0.0,0.0,MOFU,commercial,UNKNOWN,Jul/Nov,False,
whirlpool washer won t spin,10,0,0.0,0.0,MOFU,commercial,UNKNOWN,Apr,False,
zanussi washing machine not spinning,10,0,0.0,0.0,MOFU,commercial,UNKNOWN,Feb,False,
blomberg washing machine not spinning,10,0,0.0,0.0,MOFU,commercial,UNKNOWN,May,False,
kenmore washing machine not spinning,10,0,0.0,0.0,MOFU,commercial,UNKNOWN,Aug,False,
samsung top load washer not spinning,10,0,0.0,0.0,MOFU,commercial,UNKNOWN,Feb,False,
washing machine won t spin dry,10,0,0.0,0.0,MOFU,commercial,UNKNOWN,Mar,False,
spin cycle not working,10,0,0.0,0.0,MOFU,commercial,UNKNOWN,Sep,False,
whirlpool washing machine won t spin,10,0,0.0,0.0,MOFU,commercial,UNKNOWN,Apr,False,
samsung washer won t finish spin cycle,10,0,0.0,0.0,MOFU,commercial,UNKNOWN,Jul/Jan,False,
candy grand vita washing machine problems,10,0,0.0,0.0,MOFU,commercial,UNKNOWN,Jan,False,
admiral washer not spinning,10,0,0.0,0.0,MOFU,commercial,UNKNOWN,Jul/Mar,False,
my lg washer won t spin,10,0,0.0,0.0,MOFU,commercial,UNKNOWN,Dec,False,
samsung washer not rinsing,10,0,0.0,0.0,MOFU,commercial,UNKNOWN,Feb,False,
samsung front loader not spinning,10,0,0.0,0.0,MOFU,commercial,UNKNOWN,Nov,False,
bosch washing machine won t spin,10,0,0.0,0.0,MOFU,commercial,UNKNOWN,Oct,False,
washing machine isn t spinning,10,0,0.0,0.0,MOFU,commercial,UNKNOWN,Jul/Mar,False,
hoover dynamic next washing machine problems,10,0,0.0,0.0,MOFU,commercial,UNKNOWN,Mar/May,False,
washer won t spin dry,10,0,0.0,0.0,MOFU,commercial,UNKNOWN,Mar,False,
ifb washing machine not spinning,10,0,0.0,0.0,MOFU,commercial,UNKNOWN,Oct/May,False,
bosch front load washer problems,10,0,0.0,0.0,MOFU,commercial,UNKNOWN,Feb/Mar,False,
washing machine won t spin and drain,10,0,0.0,0.0,MOFU,commercial,UNKNOWN,Dec,False,
washer isn t spinning,10,0,0.0,0.0,MOFU,commercial,UNKNOWN,Jul/Mar,False,
washer not spinning out,10,0,0.0,0.0,MOFU,commercial,UNKNOWN,May,False,
frigidaire washer won t spin,10,0,0.0,0.0,MOFU,commercial,UNKNOWN,Dec,False,
bosch washer not spinning clothes dry,10,0,0.0,0.0,MOFU,commercial,UNKNOWN,Oct,False,
reason why washing machine won t spin,10,34,0.0,0.0,TOFU,informational,GROWING,Jul/Dec/Jan/Feb/Mar/Apr/Jun,True,voice
washing machine drum not spinning what is the problem,10,29,0.0,0.0,TOFU,informational,DECLINING,Jul/Aug/Sep/Oct/Nov/Feb/May/Jun,True,voice
