rank,verdict,why,value,volume,opportunity,serp_score,payout,pricing,bundle_value,niche,sub_service,city,state,county,population,zips,dedicated,emd,pseo,national,other_local,directory,pack_size,pack_median_reviews,query,occupants
1,GO,"SERP 100, 0 dedicated, 140/mo",7056.0,140,50.4,100,50.4,geo,50.4,Roofing,roofer,Biloxi,MS,Harrison,48861,3,0,0,0,0,3,5,3,73,roofer Biloxi MS,facebook.com (social profile) | youtube.com (social profile) | ag.ks.gov (directory) | wral.com (independent site) | linkedin.com (social profile) | rooftopsolutions.net (independent site) | reddit.com (forum) | theroofdocs.com (independent site) | youtube.com (social profile)
2,STOP,4 dedicated roofing pages,3981.2,260,15.31,35,43.75,geo,43.75,Roofing,roofer,Charlottesville,VA,Charlottesville,103155,5,4,0,0,0,2,2,3,32,roofer Charlottesville VA,rooftopservicesva.com (independent site) | blueridgeroofing.net (independent site) | cenvarroofing.com (dedicated page) | reddit.com (forum) | pjfitz.com (dedicated page) | vanguardroofingva.com (dedicated page) | yelp.com (directory) | melvintmorgan.com (dedicated page) | bbb.org (directory)
3,STOP,3 dedicated roofing pages,3873.5,210,18.45,34,54.25,geo,54.25,Roofing,roofer,Topeka,KS,Shawnee,147144,8,3,0,0,0,3,3,3,335,roofer Topeka KS,gardnerroofing.net (dedicated page) | yelp.com (directory) | dovetailroofing.com (independent site) | dultmeierroofing.com (independent site) | klausroofingsystems.com (dedicated page) | appelhanzroofing.com (independent site) | midwestcoating.us (dedicated page) | homeadvisor.com (directory) | facebook.com (social profile)
4,STOP,4 dedicated roofing pages; map pack at 517 reviews,3527.2,390,9.04,22,41.11,geo,41.11,Roofing,roofer,Tyler,TX,Smith,134739,2,4,0,0,0,0,5,3,517,roofer Tyler TX,yosemiteroofing.com (dedicated page) | yelp.com (directory) | hargroveroofing.com (dedicated page) | local.yahoo.com (directory) | estesroofingtx.com (social profile) | colemanroofs.com (dedicated page) | projectoneroofing.com (dedicated page) | facebook.com (social profile) | angi.com (directory)
5,STOP,4 dedicated roofing pages,2734.2,210,13.02,24,54.25,geo,54.25,Roofing,roofer,Columbia,MO,Boone,148781,1,4,0,0,0,1,4,4,410,roofer Columbia MO,bbb.org (directory) | precisionmo.com (dedicated page) | yelp.com (directory) | facebook.com (social profile) | resolveroofing.com (dedicated page) | watkinsroofing.net (dedicated page) | borntragerexterior.com (dedicated page) | thechavezenterprises.com (independent site) | homeadvisor.com (directory)
6,WATCH,"2 small local pages, weak map pack (<100 reviews); SERP 35 < 60",2546.8,110,23.15,35,66.15,geo,66.15,Roofing,roofer,Bellingham,WA,Whatcom,135591,5,2,0,0,0,3,3,3,75,roofer Bellingham WA,joostensroofing.com (independent site) | reddit.com (forum) | axiomrfg.net (dedicated page) | yelp.com (directory) | bellinghamskyline.com (independent site) | whatcomroofing.com (independent site) | nolansroofing.com (dedicated page) | facebook.com (social profile) | bbb.org (directory)
7,STOP,3 dedicated roofing pages,2469.0,90,27.43,35,78.38,geo,78.38,Roofing,roofer,Middletown,NY,Orange,30289,2,3,0,0,0,2,4,4,298,roofer Middletown NY,gonzalesroofing.com (dedicated page) | yelp.com (directory) | facebook.com (social profile) | gaf.com (dedicated page) | homeproexteriorsinc.com (independent site) | exteriorprobuilders.com (independent site) | guaillasroofing.com (dedicated page) | angi.com (directory) | homeadvisor.com (directory)
8,STOP,3 dedicated roofing pages,2263.8,110,20.58,35,58.8,geo,58.8,Roofing,roofer,Traverse City,MI,Grand Traverse,15593,3,3,0,0,0,1,4,3,99,roofer Traverse City MI,bbb.org (directory) | facebook.com (social profile) | reddit.com (forum) | grandtraverseroofing.net (dedicated page) | angi.com (directory) | northshoreexteriorsllc.com (dedicated page) | mariageroofing.com (independent site) | advancedroofingtc.com (dedicated page) | yelp.com (directory)
9,STOP,4 dedicated roofing pages,2244.0,170,13.2,32,41.25,geo,41.25,Roofing,roofer,Bloomington,IL,McLean,135296,3,4,0,0,0,2,3,3,47,roofer Bloomington IL,yelp.com (directory) | allseasonsroofing-il.com (independent site) | carlsonexteriors.com (independent site) | facebook.com (social profile) | bbb.org (directory) | sundownexteriors.com (dedicated page) | aeroofingandconstruction.com (dedicated page) | popejoyroofing.com (dedicated page) | nussbaumroofco.com (dedicated page)
10,STOP,3 dedicated roofing pages,1637.4,90,18.19,35,51.98,geo,51.98,Roofing,roofer,Johnson City,TN,Washington,131898,3,3,0,0,0,2,4,3,76,roofer Johnson City TN,gaf.com (dedicated page) | yelp.com (directory) | douglasroofingtn.com (independent site) | mightydogroofing.com (dedicated page) | bbb.org (directory) | yescontractingservices.com (dedicated page) | redemptioncrs.com (independent site) | facebook.com (social profile) | angi.com (directory)
11,STOP,4 dedicated roofing pages,1543.5,70,22.05,35,63.0,geo,63.0,Roofing,roofer,Eau Claire,WI,Eau Claire,109971,2,4,0,0,0,1,3,4,21,roofer Eau Claire WI,ecroof.com (dedicated page) | yelp.com (directory) | web.cvhomebuilders.com (independent site) | reddit.com (forum) | bbb.org (directory) | yakeshrfg.com (dedicated page) | foreverext.com (dedicated page) | facebook.com (social profile) | superiorroofingandrestoration.com (dedicated page)
12,STOP,3 dedicated roofing pages,1518.6,50,30.37,35,86.78,geo,86.78,Roofing,roofer,Kingston,NY,Ulster,23911,2,3,0,0,0,2,4,3,87,roofer Kingston NY,yelp.com (directory) | gaf.com (dedicated page) | jaroofing.com (independent site) | hvroofers.com (dedicated page) | bbb.org (directory) | probendcorp.com (dedicated page) | yelp.com (directory) | cityroofingandsidingny.com (independent site) | homeadvisor.com (directory)
13,STOP,4 dedicated roofing pages,1256.6,110,11.42,24,47.6,geo,47.6,Roofing,roofer,Greenville,NC,Pitt,127632,5,4,0,0,0,1,4,3,403,roofer Greenville NC,gaf.com (dedicated page) | clluptonroofing.com (dedicated page) | yelp.com (directory) | facebook.com (social profile) | bbb.org (directory) | bakerroofing.com (dedicated page) | callgoliathroofing.com (dedicated page) | roofingsolutionsnc.com (independent site) | angi.com (directory)
14,STOP,5 dedicated roofing pages,997.9,110,9.07,18,50.4,geo,50.4,Roofing,roofer,Dothan,AL,Houston,76419,5,5,0,0,0,1,3,3,52,roofer Dothan AL,gaf.com (dedicated page) | kennethbedsoleroofingcompany.com (dedicated page) | bbb.org (directory) | bestchoiceroofing.com (dedicated page) | macconstructionofdothan.com (dedicated page) | angi.com (directory) | mikegoodsonroofingllc.com (independent site) | platinumroofpros.com (dedicated page) | facebook.com (social profile)
15,STOP,5 dedicated roofing pages,653.0,110,5.94,10,59.36,geo,59.36,Roofing,roofer,Temple,TX,Bell,129969,5,5,0,0,0,0,4,3,209,roofer Temple TX,holdenroofing.com (dedicated page) | yelp.com (directory) | whitishroofing.com (dedicated page) | dgroofstx.com (social profile) | bbb.org (directory) | schulteroofing.com (dedicated page) | birdcreekroofing.com (dedicated page) | atlasroofingprofessionals.com (dedicated page) | thumbtack.com (directory)
16,STOP,5 dedicated roofing pages,468.5,170,2.76,6,45.93,geo,45.93,Roofing,roofer,Abilene,TX,Taylor,128053,2,5,0,0,0,1,3,3,236,roofer Abilene TX,yelp.com (directory) | business.growabilene.com (dedicated page) | trustbarr.com (dedicated page) | thorntonsroofingcompany.com (independent site) | bbb.org (directory) | haleroofingconstruction.com (dedicated page) | facebook.com (social profile) | fatmattroofing.com (dedicated page) | patriotsroofing.com (dedicated page)
17,STOP,6 dedicated roofing pages,187.6,110,1.71,4,42.63,geo,42.63,Roofing,roofer,Franklin,VA,Franklin,8250,1,6,0,0,0,0,3,3,5,roofer Franklin VA,virginiaroofingandrenovations.com (dedicated page) | southsideexteriors.com (dedicated page) | bbb.org (directory) | widmeyerroofing.com (dedicated page) | localprobook.com (dedicated page) | gaf.ca (dedicated page) | yelp.com (directory) | facebook.com (social profile) | exteriorsourceva.com (dedicated page)
18,STOP,1 city EMD on page one; 6 dedicated roofing pages,0.0,590,0.0,0,45.67,geo,45.67,Roofing,roofer,Florence,SC,Florence,90753,6,6,1,0,0,0,3,3,29,roofer Florence SC,yelp.com (directory) | roofingflorence.com (city EMD + dedicated page) | bbb.org (directory) | clydenettles.com (dedicated page) | gaf.com (dedicated page) | scroofmasters.com (dedicated page) | monragaroofing.com (dedicated page) | angi.com (directory) | palmettoroofingandsolar.com (dedicated page)
19,STOP,6 dedicated roofing pages,0.0,320,0.0,0,66.5,geo,66.5,Roofing,roofer,Palm Coast,FL,Flagler,98258,5,6,0,0,0,1,2,3,90,roofer Palm Coast FL,flaglercountyroofing.com (dedicated page) | akccfl.com (dedicated page) | yelp.com (directory) | ezroofingofflaglercounty.com (dedicated page) | bestchoiceroofing.com (dedicated page) | bbb.org (directory) | aatroofing.com (dedicated page) | chardaniroofing.com (independent site) | atsroof.com (dedicated page)
20,STOP,1 city EMD on page one; 5 dedicated roofing pages,0.0,110,0.0,0,148.75,geo,148.75,Roofing,roofer,Beaumont,TX,Jefferson,146974,13,5,1,0,0,0,4,3,159,roofer Beaumont TX,gaf.com (dedicated page) | mmroofsiding.com (dedicated page) | abcoroofingtx.com (social profile) | ableroofingusa.com (dedicated page) | bbb.org (directory) | beaumont-roofing.com (city EMD + dedicated page) | yelp.com (directory) | poperoofing.com (dedicated page) | angi.com (directory)
21,STOP,1 city EMD on page one; 5 dedicated roofing pages,0.0,140,0.0,0,50.4,geo,50.4,Roofing,roofer,Madison,MS,Madison,27946,1,5,1,0,0,1,3,3,121,roofer Madison MS,gaf.com (dedicated page) | cashconstruction.co (dedicated page) | yelp.com (directory) | pro-shieldroofs.com (independent site) | bbb.org (directory) | riveroaksconstructionms.com (dedicated page) | renovaroofing.com (dedicated page) | facebook.com (social profile) | madisonroofingco.com (city EMD + dedicated page)
22,STOP,6 dedicated roofing pages,0.0,140,0.0,0,40.95,geo,40.95,Roofing,roofer,Harrisonburg,VA,Harrisonburg,73815,3,6,0,0,0,0,3,4,105,roofer Harrisonburg VA,highestroofing.com (dedicated page) | yelp.com (directory) | hollowayroofingva.com (dedicated page) | valroofing.com (dedicated page) | bakerroofing.com (dedicated page) | helmuthroofing.com (dedicated page) | thumbtack.com (directory) | facebook.com (social profile) | cenvarroofing.com (dedicated page)
23,STOP,1 city EMD on page one; 6 dedicated roofing pages,0.0,110,0.0,0,44.1,geo,44.1,Roofing,roofer,Rochester,MN,Olmsted,122867,2,6,1,0,0,0,2,3,120,roofer Rochester MN,yelp.com (directory) | garyklineroofing.com (dedicated page) | redemptiveroofing.com (dedicated page) | ronningenroofing.com (dedicated page) | gaf.com (dedicated page) | reddit.com (forum) | brauerroofinginc.com (dedicated page) | rochesterroofs.com (city EMD + dedicated page) | bbb.org (directory)
24,STOP,1 city EMD on page one; 6 dedicated roofing pages,0.0,90,0.0,0,49.45,geo,49.45,Roofing,roofer,Winchester,VA,Winchester,86067,3,6,1,0,0,1,2,3,89,roofer Winchester VA,roofingwinchester.com (city EMD + dedicated page) | nvbcontracting.com (dedicated page) | bbb.org (directory) | jesus-roofing.com (dedicated page) | gnsroofers.com (independent site) | yelp.com (directory) | alamosroofing.com (dedicated page) | gregoryexterior.com (dedicated page) | gaf.com (dedicated page)
